filename,row,col,year,ndvi,label
r327_c59_y2014.png,327,59,2014,0.13609467446804000,DEAD
r327_c59_y2016.png,327,59,2016,0.3128834366798400,LIVE
r327_c59_y2018.png,327,59,2018,0.12562814354896500,DEAD
r327_c59_y2020.png,327,59,2020,0.16249999403953600,DEAD
r327_c59_y2022.png,327,59,2022,0.11702127754688300,DEAD
r330_c60_y2014.png,330,60,2014,-0.017341040074825300,BARE
r330_c60_y2016.png,330,60,2016,0.02958579920232300,BARE
r330_c60_y2018.png,330,60,2018,0.07407407462596890,BARE
r330_c60_y2020.png,330,60,2020,0.09604519605636600,BARE
r330_c60_y2022.png,330,60,2022,0.1111111119389530,DEAD
r327_c57_y2014.png,327,57,2014,0.1719745248556140,DEAD
r327_c57_y2016.png,327,57,2016,0.20270270109176600,LIVE
r327_c57_y2018.png,327,57,2018,0.29032257199287400,LIVE
r327_c57_y2020.png,327,57,2020,0.24444444477558100,LIVE
r327_c57_y2022.png,327,57,2022,0.26203209161758400,LIVE
r329_c58_y2014.png,329,58,2014,0.18691588938236200,LIVE
r329_c58_y2016.png,329,58,2016,0.25,LIVE
r329_c58_y2018.png,329,58,2018,0.028248587623238600,BARE
r329_c58_y2020.png,329,58,2020,0.23926380276680000,LIVE
r329_c58_y2022.png,329,58,2022,0.05027933046221730,BARE
r331_c61_y2014.png,331,61,2014,-0.05069124326109890,BARE
r331_c61_y2016.png,331,61,2016,-0.031578946858644500,BARE
r331_c61_y2018.png,331,61,2018,0.0793650820851326,BARE
r331_c61_y2020.png,331,61,2020,0.051428571343421900,BARE
r331_c61_y2022.png,331,61,2022,0.05945945903658870,BARE
r329_c60_y2014.png,329,60,2014,0.010869565419852700,BARE
r329_c60_y2016.png,329,60,2016,0.08510638028383260,BARE
r329_c60_y2018.png,329,60,2018,-0.017391303554177300,BARE
r329_c60_y2020.png,329,60,2020,0.05050504952669140,BARE
r329_c60_y2022.png,329,60,2022,0.06796116381883620,BARE
r327_c60_y2014.png,327,60,2014,0.033175356686115300,BARE
r327_c60_y2016.png,327,60,2016,0.19540229439735400,LIVE
r327_c60_y2018.png,327,60,2018,0.004219409078359600,BARE
r327_c60_y2020.png,327,60,2020,0.10659898817539200,DEAD
r327_c60_y2022.png,327,60,2022,0.017391303554177300,BARE
r328_c58_y2014.png,328,58,2014,0.1822660118341450,LIVE
r328_c58_y2016.png,328,58,2016,0.24183006584644300,LIVE
r328_c58_y2018.png,328,58,2018,0.06010929122567180,BARE
r328_c58_y2020.png,328,58,2020,0.2405063360929490,LIVE
r328_c58_y2022.png,328,58,2022,0.07027027010917660,BARE
r328_c57_y2014.png,328,57,2014,0.2380952388048170,LIVE
r328_c57_y2016.png,328,57,2016,0.22758620977401700,LIVE
r328_c57_y2018.png,328,57,2018,0.23671497404575300,LIVE
r328_c57_y2020.png,328,57,2020,0.2545454502105710,LIVE
r328_c57_y2022.png,328,57,2022,0.2210526317358020,LIVE
r327_c58_y2014.png,327,58,2014,0.3248407542705540,LIVE
r327_c58_y2016.png,327,58,2016,0.27272728085517900,LIVE
r327_c58_y2018.png,327,58,2018,0.1975308656692510,DEAD
r327_c58_y2020.png,327,58,2020,0.23699422180652600,DEAD
r327_c58_y2022.png,327,58,2022,0.1764705926179890,DEAD
r329_c57_y2014.png,329,57,2014,0.1972789168357850,LIVE
r329_c57_y2016.png,329,57,2016,0.24031007289886500,LIVE
r329_c57_y2018.png,329,57,2018,0.21568627655506100,LIVE
r329_c57_y2020.png,329,57,2020,0.234375,LIVE
r329_c57_y2022.png,329,57,2022,0.1515151560306550,LIVE
r328_c59_y2014.png,328,59,2014,-0.017699114978313400,BARE
r328_c59_y2016.png,328,59,2016,0.2385786771774290,LIVE
r328_c59_y2018.png,328,59,2018,-0.004830917809158560,BARE
r328_c59_y2020.png,328,59,2020,0.05681818351149560,BARE
r328_c59_y2022.png,328,59,2022,0.005235602147877220,BARE
r329_c59_y2014.png,329,59,2014,0.035175878554582600,BARE
r329_c59_y2016.png,329,59,2016,0.20388349890708900,LIVE
r329_c59_y2018.png,329,59,2018,-0.01587301678955560,BARE
r329_c59_y2020.png,329,59,2020,0.07514450699090960,DEAD
r329_c59_y2022.png,329,59,2022,0.10179640352726000,DEAD
r143_c128_y2014.png,143,128,2014,0.16417910158634200,DEAD
r143_c128_y2016.png,143,128,2016,0.04458598792552950,BARE
r143_c128_y2018.png,143,128,2018,0.24550898373127000,LIVE
r143_c128_y2020.png,143,128,2020,0.1900826394557950,DEAD
r143_c128_y2022.png,143,128,2022,0.23870967328548400,LIVE
r144_c128_y2014.png,144,128,2014,0.24475523829460100,LIVE
r144_c128_y2016.png,144,128,2016,0.17499999701976800,DEAD
r144_c128_y2018.png,144,128,2018,0.22543352842330900,LIVE
r144_c128_y2020.png,144,128,2020,0.23489932715892800,LIVE
r144_c128_y2022.png,144,128,2022,0.09677419066429140,DEAD
r144_c127_y2014.png,144,127,2014,0.20000000298023200,DEAD
r144_c127_y2016.png,144,127,2016,0.1818181872367860,DEAD
r144_c127_y2018.png,144,127,2018,0.21854305267334000,DEAD
r144_c127_y2020.png,144,127,2020,0.2075471729040150,DEAD
r144_c127_y2022.png,144,127,2022,0.1779141128063200,DEAD
r144_c129_y2014.png,144,129,2014,0.23999999463558200,LIVE
r144_c129_y2016.png,144,129,2016,0.1949685513973240,DEAD
r144_c129_y2018.png,144,129,2018,0.190476194024086,DEAD
r144_c129_y2020.png,144,129,2020,0.125827819108963,DEAD
r144_c129_y2022.png,144,129,2022,0.10000000149011600,DEAD
r140_c126_y2014.png,140,126,2014,0.20779220759868600,BARE
r140_c126_y2016.png,140,126,2016,0.08080808073282240,BARE
r140_c126_y2018.png,140,126,2018,-0.023622047156095500,BARE
r140_c126_y2020.png,140,126,2020,0.06437768042087560,BARE
r140_c126_y2022.png,140,126,2022,0.0,BARE
r144_c126_y2014.png,144,126,2014,0.2153846174478530,LIVE
r144_c126_y2016.png,144,126,2016,0.10982658714056000,DEAD
r144_c126_y2018.png,144,126,2018,0.1677018702030180,DEAD
r144_c126_y2020.png,144,126,2020,0.1428571492433550,DEAD
r144_c126_y2022.png,144,126,2022,0.20253165066242200,DEAD
r144_c125_y2014.png,144,125,2014,0.12299465388059600,DEAD
r144_c125_y2016.png,144,125,2016,0.15740740299224900,LIVE
r144_c125_y2018.png,144,125,2018,0.08029197156429290,DEAD
r144_c125_y2020.png,144,125,2020,0.09890110045671460,LIVE
r144_c125_y2022.png,144,125,2022,0.1617647111415860,LIVE
r140_c125_y2014.png,140,125,2014,0.2238806039094930,LIVE
r140_c125_y2016.png,140,125,2016,0.1320754736661910,DEAD
r140_c125_y2018.png,140,125,2018,0.10132158547639800,BARE
r140_c125_y2020.png,140,125,2020,0.0731707289814949,BARE
r140_c125_y2022.png,140,125,2022,0.08620689809322360,BARE
r142_c129_y2014.png,142,129,2014,0.02298850566148760,BARE
r142_c129_y2016.png,142,129,2016,-0.03743315488100050,BARE
r142_c129_y2018.png,142,129,2018,0.032258063554763800,BARE
r142_c129_y2020.png,142,129,2020,0.08235294371843340,DEAD
r142_c129_y2022.png,142,129,2022,0.12643678486347200,DEAD
r143_c129_y2014.png,143,129,2014,0.1785714328289030,LIVE
r143_c129_y2016.png,143,129,2016,0.18881118297576900,LIVE
r143_c129_y2018.png,143,129,2018,0.18478260934352900,LIVE
r143_c129_y2020.png,143,129,2020,0.25,LIVE
r143_c129_y2022.png,143,129,2022,0.2075471729040150,LIVE
r115_c73_y2014.png,115,73,2014,0.25,LIVE
r115_c73_y2016.png,115,73,2016,0.27272728085517900,LIVE
r115_c73_y2018.png,115,73,2018,0.08133970946073530,DEAD
r115_c73_y2020.png,115,73,2020,0.3333333432674410,LIVE
r115_c73_y2022.png,115,73,2022,0.1515151560306550,DEAD
r116_c72_y2014.png,116,72,2014,0.16091954708099400,DEAD
r116_c72_y2016.png,116,72,2016,0.13846154510974900,DEAD
r116_c72_y2018.png,116,72,2018,0.25161290168762200,LIVE
r116_c72_y2020.png,116,72,2020,0.2571428716182710,LIVE
r116_c72_y2022.png,116,72,2022,0.3291139304637910,LIVE
r114_c73_y2014.png,114,73,2014,0.1818181872367860,DEAD
r114_c73_y2016.png,114,73,2016,0.22285714745521500,LIVE
r114_c73_y2018.png,114,73,2018,0.04545454680919650,BARE
r114_c73_y2020.png,114,73,2020,0.2613636255264280,LIVE
r114_c73_y2022.png,114,73,2022,0.07954545319080350,BARE
r115_c72_y2014.png,115,72,2014,0.1975308656692510,LIVE
r115_c72_y2016.png,115,72,2016,0.20588235557079300,LIVE
r115_c72_y2018.png,115,72,2018,0.25287356972694400,LIVE
r115_c72_y2020.png,115,72,2020,0.29655173420906100,LIVE
r115_c72_y2022.png,115,72,2022,0.3372780978679660,LIVE
r115_c74_y2014.png,115,74,2014,0.17587940394878400,DEAD
r115_c74_y2016.png,115,74,2016,0.29885056614875800,LIVE
r115_c74_y2018.png,115,74,2018,-0.0325581394135952,BARE
r115_c74_y2020.png,115,74,2020,0.17241379618644700,DEAD
r115_c74_y2022.png,115,74,2022,0.005181347019970420,BARE
r116_c74_y2014.png,116,74,2014,0.25555557012558000,LIVE
r116_c74_y2016.png,116,74,2016,0.3333333432674410,LIVE
r116_c74_y2018.png,116,74,2018,0.005586592014878990,BARE
r116_c74_y2020.png,116,74,2020,0.24731183052063000,LIVE
r116_c74_y2022.png,116,74,2022,0.024096384644508400,BARE
r114_c72_y2014.png,114,72,2014,0.08080808073282240,BARE
r114_c72_y2016.png,114,72,2016,0.2133333384990690,LIVE
r114_c72_y2018.png,114,72,2018,0.15606936812400800,DEAD
r114_c72_y2020.png,114,72,2020,0.2804878056049350,LIVE
r114_c72_y2022.png,114,72,2022,0.2638036906719210,LIVE
r117_c74_y2014.png,117,74,2014,0.26553672552108800,LIVE
r117_c74_y2016.png,117,74,2016,0.2847682237625120,LIVE
r117_c74_y2018.png,117,74,2018,0.05590062215924260,BARE
r117_c74_y2020.png,117,74,2020,0.2540540397167210,LIVE
r117_c74_y2022.png,117,74,2022,0.0060606058686971700,DEAD
r118_c72_y2014.png,118,72,2014,0.18324607610702500,DEAD
r118_c72_y2016.png,118,72,2016,0.2160000056028370,LIVE
r118_c72_y2018.png,118,72,2018,0.15789473056793200,DEAD
r118_c72_y2020.png,118,72,2020,0.23076923191547400,LIVE
r118_c72_y2022.png,118,72,2022,0.1666666716337200,DEAD
r118_c73_y2014.png,118,73,2014,0.2261904776096340,LIVE
r118_c73_y2016.png,118,73,2016,0.1340206116437910,DEAD
r118_c73_y2018.png,118,73,2018,0.056410256773233400,BARE
r118_c73_y2020.png,118,73,2020,0.20430107414722400,LIVE
r118_c73_y2022.png,118,73,2022,0.04568528011441230,BARE
r116_c73_y2014.png,116,73,2014,0.3012048304080960,LIVE
r116_c73_y2016.png,116,73,2016,0.1834319531917570,DEAD
r116_c73_y2018.png,116,73,2018,0.16161616146564500,LIVE
r116_c73_y2020.png,116,73,2020,0.341317355632782,LIVE
r116_c73_y2022.png,116,73,2022,0.20212766528129600,LIVE
r118_c74_y2014.png,118,74,2014,0.13793103396892500,DEAD
r118_c74_y2016.png,118,74,2016,0.2163742631673810,DEAD
r118_c74_y2018.png,118,74,2018,-0.019108280539512600,BARE
r118_c74_y2020.png,118,74,2020,0.09090909361839290,DEAD
r118_c74_y2022.png,118,74,2022,-0.016393441706895800,BARE
r116_c75_y2014.png,116,75,2014,0.158620685338974,DEAD
r116_c75_y2016.png,116,75,2016,0.24848484992981000,LIVE
r116_c75_y2018.png,116,75,2018,-0.049723755568265900,BARE
r116_c75_y2020.png,116,75,2020,0.09375,LIVE
r116_c75_y2022.png,116,75,2022,-0.019354838877916300,DEAD
r114_c74_y2014.png,114,74,2014,0.04663212597370150,BARE
r114_c74_y2016.png,114,74,2016,0.23178808391094200,LIVE
r114_c74_y2018.png,114,74,2018,0.01123595517128710,BARE
r114_c74_y2020.png,114,74,2020,0.09604519605636600,DEAD
r114_c74_y2022.png,114,74,2022,-0.032967034727335000,BARE
r118_c71_y2014.png,118,71,2014,0.2711864411830900,LIVE
r118_c71_y2016.png,118,71,2016,0.11688311398029300,DEAD
r118_c71_y2018.png,118,71,2018,0.17777778208255800,DEAD
r118_c71_y2020.png,118,71,2020,0.2142857164144520,LIVE
r118_c71_y2022.png,118,71,2022,0.2530120611190800,LIVE
r117_c71_y2014.png,117,71,2014,0.07575757801532750,DEAD
r117_c71_y2016.png,117,71,2016,0.24210526049137100,LIVE
r117_c71_y2018.png,117,71,2018,0.21290323138237,LIVE
r117_c71_y2020.png,117,71,2020,0.06542056053876880,DEAD
r117_c71_y2022.png,117,71,2022,0.2777777910232540,LIVE
r116_c71_y2014.png,116,71,2014,0.03896103799343110,BARE
r116_c71_y2016.png,116,71,2016,0.19463087618351000,LIVE
r116_c71_y2018.png,116,71,2018,0.28859061002731300,LIVE
r116_c71_y2020.png,116,71,2020,0.10169491171836900,DEAD
r116_c71_y2022.png,116,71,2022,0.30000001192092900,LIVE
r117_c75_y2014.png,117,75,2014,0.19178082048893000,DEAD
r117_c75_y2016.png,117,75,2016,0.25925925374031100,LIVE
r117_c75_y2018.png,117,75,2018,-0.03267974033951760,BARE
r117_c75_y2020.png,117,75,2020,0.1270718276500700,LIVE
r117_c75_y2022.png,117,75,2022,-0.044025156646966900,BARE
r114_c71_y2014.png,114,71,2014,0.11538461595773700,DEAD
r114_c71_y2016.png,114,71,2016,0.1818181872367860,LIVE
r114_c71_y2018.png,114,71,2018,0.22093023359775500,LIVE
r114_c71_y2020.png,114,71,2020,0.23199999332428000,DEAD
r114_c71_y2022.png,114,71,2022,0.30817610025405900,LIVE
r117_c72_y2014.png,117,72,2014,0.16571427881717700,DEAD
r117_c72_y2016.png,117,72,2016,0.25,LIVE
r117_c72_y2018.png,117,72,2018,0.25161290168762200,LIVE
r117_c72_y2020.png,117,72,2020,0.22302158176899000,LIVE
r117_c72_y2022.png,117,72,2022,0.29629629850387600,LIVE
r117_c73_y2014.png,117,73,2014,0.2611464858055120,LIVE
r117_c73_y2016.png,117,73,2016,0.13966479897499100,DEAD
r117_c73_y2018.png,117,73,2018,0.19148936867713900,LIVE
r117_c73_y2020.png,117,73,2020,0.3095238208770750,LIVE
r117_c73_y2022.png,117,73,2022,0.16201117634773300,DEAD
r115_c71_y2014.png,115,71,2014,0.14960630238056200,DEAD
r115_c71_y2016.png,115,71,2016,0.23749999701976800,LIVE
r115_c71_y2018.png,115,71,2018,0.29192546010017400,LIVE
r115_c71_y2020.png,115,71,2020,0.1551724076271060,DEAD
r115_c71_y2022.png,115,71,2022,0.3287671208381650,LIVE
r279_c46_y2014.png,279,46,2014,0.24786324799060800,LIVE
r279_c46_y2016.png,279,46,2016,0.28169015049934400,LIVE
r279_c46_y2018.png,279,46,2018,0.19148936867713900,DEAD
r279_c46_y2020.png,279,46,2020,0.3053892254829410,LIVE
r279_c46_y2022.png,279,46,2022,0.1472868174314500,DEAD
r279_c48_y2014.png,279,48,2014,0.21854305267334000,LIVE
r279_c48_y2016.png,279,48,2016,0.28671327233314500,LIVE
r279_c48_y2018.png,279,48,2018,0.17703349888324700,DEAD
r279_c48_y2020.png,279,48,2020,0.2874999940395360,LIVE
r279_c48_y2022.png,279,48,2022,0.14917127788066900,DEAD
r281_c46_y2014.png,281,46,2014,0.1658291518688200,DEAD
r281_c46_y2016.png,281,46,2016,0.20000000298023200,DEAD
r281_c46_y2018.png,281,46,2018,0.16577540338039400,DEAD
r281_c46_y2020.png,281,46,2020,0.2957746386528020,LIVE
r281_c46_y2022.png,281,46,2022,0.16091954708099400,DEAD
r283_c45_y2014.png,283,45,2014,0.09859155118465420,DEAD
r283_c45_y2016.png,283,45,2016,0.10270269960165000,BARE
r283_c45_y2018.png,283,45,2018,0.20270270109176600,LIVE
r283_c45_y2020.png,283,45,2020,0.16470588743686700,DEAD
r283_c45_y2022.png,283,45,2022,0.0833333358168602,DEAD
r280_c47_y2014.png,280,47,2014,0.23188406229019200,LIVE
r280_c47_y2016.png,280,47,2016,0.2804878056049350,LIVE
r280_c47_y2018.png,280,47,2018,0.1606217622756960,DEAD
r280_c47_y2020.png,280,47,2020,0.2707182466983800,LIVE
r280_c47_y2022.png,280,47,2022,0.1325301229953770,DEAD
r280_c48_y2014.png,280,48,2014,0.24409449100494400,LIVE
r280_c48_y2016.png,280,48,2016,0.2707182466983800,LIVE
r280_c48_y2018.png,280,48,2018,0.09375,DEAD
r280_c48_y2020.png,280,48,2020,0.21276596188545200,DEAD
r280_c48_y2022.png,280,48,2022,0.08571428805589680,BARE
r280_c46_y2014.png,280,46,2014,0.2278480976819990,LIVE
r280_c46_y2016.png,280,46,2016,0.26174497604370100,LIVE
r280_c46_y2018.png,280,46,2018,0.16022099554538700,DEAD
r280_c46_y2020.png,280,46,2020,0.29411765933036800,LIVE
r280_c46_y2022.png,280,46,2022,0.13939394056797000,DEAD
r282_c48_y2014.png,282,48,2014,0.21088434755802200,LIVE
r282_c48_y2016.png,282,48,2016,0.21782177686691300,LIVE
r282_c48_y2018.png,282,48,2018,0.18309858441352800,DEAD
r282_c48_y2020.png,282,48,2020,0.26436781883239700,LIVE
r282_c48_y2022.png,282,48,2022,0.11999999731779100,DEAD
r280_c44_y2014.png,280,44,2014,0.1719745248556140,DEAD
r280_c44_y2016.png,280,44,2016,0.12918660044670100,DEAD
r280_c44_y2018.png,280,44,2018,0.10691823810339000,DEAD
r280_c44_y2020.png,280,44,2020,0.17365269362926500,DEAD
r280_c44_y2022.png,280,44,2022,0.11538461595773700,DEAD
r283_c47_y2014.png,283,47,2014,0.1666666716337200,LIVE
r283_c47_y2016.png,283,47,2016,0.11214952915906900,DEAD
r283_c47_y2018.png,283,47,2018,0.1731843501329420,LIVE
r283_c47_y2020.png,283,47,2020,0.2777777910232540,LIVE
r283_c47_y2022.png,283,47,2022,0.14814814925193800,DEAD
r279_c44_y2014.png,279,44,2014,0.203125,LIVE
r279_c44_y2016.png,279,44,2016,0.13861386477947200,DEAD
r279_c44_y2018.png,279,44,2018,0.12138728052377700,DEAD
r279_c44_y2020.png,279,44,2020,0.06666667014360430,BARE
r279_c44_y2022.png,279,44,2022,0.0416666679084301,BARE
r282_c44_y2014.png,282,44,2014,0.21088434755802200,LIVE
r282_c44_y2016.png,282,44,2016,0.14772726595401800,DEAD
r282_c44_y2018.png,282,44,2018,0.2261904776096340,LIVE
r282_c44_y2020.png,282,44,2020,0.1764705926179890,DEAD
r282_c44_y2022.png,282,44,2022,0.2278480976819990,LIVE
r282_c46_y2014.png,282,46,2014,0.15789473056793200,DEAD
r282_c46_y2016.png,282,46,2016,0.22033898532390600,LIVE
r282_c46_y2018.png,282,46,2018,0.20430107414722400,LIVE
r282_c46_y2020.png,282,46,2020,0.2800000011920930,LIVE
r282_c46_y2022.png,282,46,2022,0.14814814925193800,DEAD
r282_c45_y2014.png,282,45,2014,0.1910112351179120,
r282_c45_y2016.png,282,45,2016,0.1764705926179890,
r282_c45_y2018.png,282,45,2018,0.25628140568733200,LIVE
r282_c45_y2020.png,282,45,2020,0.23076923191547400,LIVE
r282_c45_y2022.png,282,45,2022,0.20245398581028000,LIVE
r281_c44_y2014.png,281,44,2014,0.1147540956735610,BARE
r281_c44_y2016.png,281,44,2016,0.19371727108955400,
r281_c44_y2018.png,281,44,2018,0.18840579688549000,DEAD
r281_c44_y2020.png,281,44,2020,0.23880596458911900,
r281_c44_y2022.png,281,44,2022,0.2380952388048170,LIVE
r279_c45_y2014.png,279,45,2014,0.27131783962249800,LIVE
r279_c45_y2016.png,279,45,2016,0.25190839171409600,LIVE
r279_c45_y2018.png,279,45,2018,0.24832214415073400,LIVE
r279_c45_y2020.png,279,45,2020,0.21052631735801700,LIVE
r279_c45_y2022.png,279,45,2022,0.07246376574039460,BARE
r281_c48_y2014.png,281,48,2014,0.20930232107639300,
r281_c48_y2016.png,281,48,2016,0.1962616890668870,LIVE
r281_c48_y2018.png,281,48,2018,0.10588235408067700,DEAD
r281_c48_y2020.png,281,48,2020,0.29411765933036800,LIVE
r281_c48_y2022.png,281,48,2022,0.08724832534790040,DEAD
r282_c47_y2014.png,282,47,2014,0.21590909361839300,
r282_c47_y2016.png,282,47,2016,0.19806763529777500,
r282_c47_y2018.png,282,47,2018,0.20481927692890200,LIVE
r282_c47_y2020.png,282,47,2020,0.30927833914756800,LIVE
r282_c47_y2022.png,282,47,2022,0.10559006035327900,LIVE
r283_c44_y2014.png,283,44,2014,0.10857142508029900,
r283_c44_y2016.png,283,44,2016,0.09452736377716060,BARE
r283_c44_y2018.png,283,44,2018,0.2298850566148760,LIVE
r283_c44_y2020.png,283,44,2020,0.12857143580913500,
r283_c44_y2022.png,283,44,2022,0.13414634764194500,
r281_c45_y2014.png,281,45,2014,0.20512820780277300,
r281_c45_y2016.png,281,45,2016,0.12041884660720800,
r281_c45_y2018.png,281,45,2018,0.23560209572315200,
r281_c45_y2020.png,281,45,2020,0.23893804848194100,
r281_c45_y2022.png,281,45,2022,0.25287356972694400,
r283_c48_y2014.png,283,48,2014,0.23270440101623500,
r283_c48_y2016.png,283,48,2016,0.23076923191547400,
r283_c48_y2018.png,283,48,2018,0.16788321733474700,
r283_c48_y2020.png,283,48,2020,0.2666666805744170,
r283_c48_y2022.png,283,48,2022,0.09803921729326250,
r283_c46_y2014.png,283,46,2014,0.07692307978868480,
r283_c46_y2016.png,283,46,2016,0.07692307978868480,
r283_c46_y2018.png,283,46,2018,0.19540229439735400,
r283_c46_y2020.png,283,46,2020,0.2133333384990690,
r283_c46_y2022.png,283,46,2022,0.14492753148078900,
r279_c47_y2014.png,279,47,2014,0.25,
r279_c47_y2016.png,279,47,2016,0.2977099120616910,
r279_c47_y2018.png,279,47,2018,0.23699422180652600,
r279_c47_y2020.png,279,47,2020,0.3055555522441860,
r279_c47_y2022.png,279,47,2022,0.24550898373127000,
r280_c45_y2014.png,280,45,2014,0.19379845261573800,
r280_c45_y2016.png,280,45,2016,0.18238992989063300,
r280_c45_y2018.png,280,45,2018,0.19337016344070400,
r280_c45_y2020.png,280,45,2020,0.22641509771347000,
r280_c45_y2022.png,280,45,2022,0.17283950746059400,
r281_c47_y2014.png,281,47,2014,0.22891566157341000,
r281_c47_y2016.png,281,47,2016,0.3038673996925350,
r281_c47_y2018.png,281,47,2018,0.15853658318519600,
r281_c47_y2020.png,281,47,2020,0.29100528359413100,
r281_c47_y2022.png,281,47,2022,0.1184210553765300,
r304_c217_y2014.png,304,217,2014,0.13846154510974900,
r304_c217_y2016.png,304,217,2016,0.13227513432502700,LIVE
r304_c217_y2018.png,304,217,2018,-0.00826446246355772,BARE
r304_c217_y2020.png,304,217,2020,0.1111111119389530,DEAD
r304_c217_y2022.png,304,217,2022,0.07109005004167560,BARE
r306_c220_y2014.png,306,220,2014,0.20567375421524000,
r306_c220_y2016.png,306,220,2016,0.20000000298023200,
r306_c220_y2018.png,306,220,2018,0.20710058510303500,LIVE
r306_c220_y2020.png,306,220,2020,0.18238992989063300,
r306_c220_y2022.png,306,220,2022,0.20000000298023200,LIVE
r305_c220_y2014.png,305,220,2014,0.02463054098188880,BARE
r305_c220_y2016.png,305,220,2016,-0.009259259328246120,BARE
r305_c220_y2018.png,305,220,2018,0.055837564170360600,BARE
r305_c220_y2020.png,305,220,2020,0.1225806474685670,
r305_c220_y2022.png,305,220,2022,0.15555556118488300,LIVE
r305_c216_y2014.png,305,216,2014,0.15789473056793200,
r305_c216_y2016.png,305,216,2016,0.1489361673593520,
r305_c216_y2018.png,305,216,2018,0.25517240166664100,
r305_c216_y2020.png,305,216,2020,0.19696970283985100,
r305_c216_y2022.png,305,216,2022,0.30000001192092900,
r306_c219_y2014.png,306,219,2014,0.2531645596027370,
r306_c219_y2016.png,306,219,2016,0.25,
r306_c219_y2018.png,306,219,2018,0.1621621549129490,
r306_c219_y2020.png,306,219,2020,0.06951871514320370,
r306_c219_y2022.png,306,219,2022,0.17159762978553800,
r304_c216_y2014.png,304,216,2014,0.11999999731779100,
r304_c216_y2016.png,304,216,2016,0.20000000298023200,
r304_c216_y2018.png,304,216,2018,0.08571428805589680,
r304_c216_y2020.png,304,216,2020,0.19718310236930800,
r304_c216_y2022.png,304,216,2022,0.19463087618351000,
r306_c217_y2014.png,306,217,2014,0.2450331151485440,
r306_c217_y2016.png,306,217,2016,0.18400000035762800,
r306_c217_y2018.png,306,217,2018,0.22826087474823000,
r306_c217_y2020.png,306,217,2020,0.21590909361839300,
r306_c217_y2022.png,306,217,2022,0.20430107414722400,
r306_c216_y2014.png,306,216,2014,0.1269841343164440,
r306_c216_y2016.png,306,216,2016,0.007751937955617910,BARE
r306_c216_y2018.png,306,216,2018,0.22033898532390600,
r306_c216_y2020.png,306,216,2020,0.13793103396892500,DEAD
r306_c216_y2022.png,306,216,2022,0.23076923191547400,
r305_c219_y2014.png,305,219,2014,0.0422535203397274,BARE
r305_c219_y2016.png,305,219,2016,0.08411215245723720,BARE
r305_c219_y2018.png,305,219,2018,0.03999999910593030,BARE
r305_c219_y2020.png,305,219,2020,0.062068965286016500,LIVE
r305_c219_y2022.png,305,219,2022,0.18666666746139500,LIVE
r305_c217_y2014.png,305,217,2014,0.20779220759868600,
r305_c217_y2016.png,305,217,2016,0.221374049782753,
r305_c217_y2018.png,305,217,2018,0.13829787075519600,
r305_c217_y2020.png,305,217,2020,0.27941176295280500,
r305_c217_y2022.png,305,217,2022,0.23636363446712500,
r302_c216_y2014.png,302,216,2014,0.21568627655506100,
r302_c216_y2016.png,302,216,2016,0.1827957034111020,
r302_c216_y2018.png,302,216,2018,-0.012987012974917900,BARE
r302_c216_y2020.png,302,216,2020,0.15555556118488300,
r302_c216_y2022.png,302,216,2022,-0.01904761977493760,BARE
r305_c218_y2014.png,305,218,2014,0.14418604969978300,
r305_c218_y2016.png,305,218,2016,0.23863635957241100,
r305_c218_y2018.png,305,218,2018,0.019354838877916300,
r305_c218_y2020.png,305,218,2020,0.21142856776714300,
r305_c218_y2022.png,305,218,2022,0.13548387587070500,
r306_c218_y2014.png,306,218,2014,0.23756906390190100,
r306_c218_y2016.png,306,218,2016,0.2068965584039690,
r306_c218_y2018.png,306,218,2018,0.08235294371843340,
r306_c218_y2020.png,306,218,2020,0.22513088583946200,
r306_c218_y2022.png,306,218,2022,0.06403940916061400,
r303_c216_y2014.png,303,216,2014,0.1756756752729420,DEAD
r303_c216_y2016.png,303,216,2016,0.15714286267757400,DEAD
r303_c216_y2018.png,303,216,2018,-0.01886792480945590,BARE
r303_c216_y2020.png,303,216,2020,0.1875,DEAD
r303_c216_y2022.png,303,216,2022,0.04444444552063940,BARE
r48_c113_y2014.png,48,113,2014,-0.05726872384548190,BARE
r48_c113_y2016.png,48,113,2016,-0.013215859420597600,BARE
r48_c113_y2018.png,48,113,2018,-0.008333333767950540,BARE
r48_c113_y2020.png,48,113,2020,0.05454545468091970,BARE
r48_c113_y2022.png,48,113,2022,0.029535865411162400,BARE
r122_c260_y2014.png,122,260,2014,0.18681319057941400,DEAD
r122_c260_y2016.png,122,260,2016,0.14035087823867800,DEAD
r122_c260_y2018.png,122,260,2018,-0.003508772002533080,BARE
r122_c260_y2020.png,122,260,2020,0.23902438580989800,LIVE
r122_c260_y2022.png,122,260,2022,0.007299270015209910,BARE
r121_c260_y2014.png,121,260,2014,0.11787072569131900,BARE
r121_c260_y2016.png,121,260,2016,0.09836065769195560,BARE
r121_c260_y2018.png,121,260,2018,-0.018050542101264,BARE
r121_c260_y2020.png,121,260,2020,0.1497584581375120,BARE
r121_c260_y2022.png,121,260,2022,0.0037174720782786600,BARE
r120_c259_y2014.png,120,259,2014,0.032258063554763800,BARE
r120_c259_y2016.png,120,259,2016,-0.01224489789456130,BARE
r120_c259_y2018.png,120,259,2018,-0.00401606410741806,BARE
r120_c259_y2020.png,120,259,2020,0.07000000029802320,BARE
r120_c259_y2022.png,120,259,2022,0.045267488807439800,BARE
r121_c259_y2014.png,121,259,2014,0.11009174585342400,
r121_c259_y2016.png,121,259,2016,0.09433962404727940,
r121_c259_y2018.png,121,259,2018,0.07438016682863240,
r121_c259_y2020.png,121,259,2020,0.1942446082830430,
r121_c259_y2022.png,121,259,2022,0.1428571492433550,
r122_c259_y2014.png,122,259,2014,0.17766498029232000,
r122_c259_y2016.png,122,259,2016,0.23529411852359800,
r122_c259_y2018.png,122,259,2018,0.11934156715869900,
r122_c259_y2020.png,122,259,2020,0.2774193584918980,
r122_c259_y2022.png,122,259,2022,0.17241379618644700,
r120_c258_y2014.png,120,258,2014,-0.0043290043249726300,BARE
r120_c258_y2016.png,120,258,2016,0.02521008439362050,BARE
r120_c258_y2018.png,120,258,2018,0.017094017937779400,BARE
r120_c258_y2020.png,120,258,2020,0.09219858050346380,DEAD
r120_c258_y2022.png,120,258,2022,0.16230367124080700,LIVE
r122_c258_y2014.png,122,258,2014,0.23376622796058700,
r122_c258_y2016.png,122,258,2016,0.16571427881717700,
r122_c258_y2018.png,122,258,2018,0.23076923191547400,
r122_c258_y2020.png,122,258,2020,0.25190839171409600,
r122_c258_y2022.png,122,258,2022,0.3142857253551480,
r119_c259_y2014.png,119,259,2014,-0.021645022556185700,
r119_c259_y2016.png,119,259,2016,-0.009259259328246120,
r119_c259_y2018.png,119,259,2018,0.1520737260580060,
r119_c259_y2020.png,119,259,2020,0.11917098611593200,
r119_c259_y2022.png,119,259,2022,0.15887850522995000,
r119_c261_y2014.png,119,261,2014,0.004149377811700110,
r119_c261_y2016.png,119,261,2016,0.08870967477560040,
r119_c261_y2018.png,119,261,2018,-0.026022305712103800,
r119_c261_y2020.png,119,261,2020,0.06463878601789470,
r119_c261_y2022.png,119,261,2022,0.003610108280554410,
r123_c260_y2014.png,123,260,2014,0.09655172377824780,
r123_c260_y2016.png,123,260,2016,0.09302325546741490,
r123_c260_y2018.png,123,260,2018,-0.013605441898107500,
r123_c260_y2020.png,123,260,2020,0.06818182021379470,
r123_c260_y2022.png,123,260,2022,0.015384615398943400,
r119_c260_y2014.png,119,260,2014,0.029288703575730300,
r119_c260_y2016.png,119,260,2016,0.05128205195069310,
r119_c260_y2018.png,119,260,2018,0.0416666679084301,
r119_c260_y2020.png,119,260,2020,0.18721461296081500,
r119_c260_y2022.png,119,260,2022,0.05220883712172510,
r121_c258_y2014.png,121,258,2014,0.1463414579629900,
r121_c258_y2016.png,121,258,2016,0.1111111119389530,
r121_c258_y2018.png,121,258,2018,0.17777778208255800,
r121_c258_y2020.png,121,258,2020,0.18918919563293500,
r121_c258_y2022.png,121,258,2022,0.2804878056049350,
r123_c258_y2014.png,123,258,2014,0.18048781156539900,
r123_c258_y2016.png,123,258,2016,0.1978609561920170,
r123_c258_y2018.png,123,258,2018,0.17972350120544400,
r123_c258_y2020.png,123,258,2020,0.2768361568450930,
r123_c258_y2022.png,123,258,2022,0.2222222238779070,
r123_c259_y2014.png,123,259,2014,0.15126051008701300,
r123_c259_y2016.png,123,259,2016,0.1504424810409550,
r123_c259_y2018.png,123,259,2018,0.06463878601789470,
r123_c259_y2020.png,123,259,2020,0.2070484608411790,
r123_c259_y2022.png,123,259,2022,0.06060606241226200,
r287_c104_y2014.png,287,104,2014,0.1801242232322690,
r287_c104_y2016.png,287,104,2016,0.24637681245803800,
r287_c104_y2018.png,287,104,2018,0.10047847032547000,
r287_c104_y2020.png,287,104,2020,0.21678321063518500,
r287_c104_y2022.png,287,104,2022,0.1034482792019840,
r290_c104_y2014.png,290,104,2014,0.10559006035327900,
r290_c104_y2016.png,290,104,2016,0.09090909361839290,
r290_c104_y2018.png,290,104,2018,0.14084507524967200,
r290_c104_y2020.png,290,104,2020,0.145454540848732,
r290_c104_y2022.png,290,104,2022,0.07954545319080350,
r288_c105_y2014.png,288,105,2014,0.060465116053819700,
r288_c105_y2016.png,288,105,2016,0.009615384973585610,
r288_c105_y2018.png,288,105,2018,0.07086614519357680,
r288_c105_y2020.png,288,105,2020,0.059907834976911500,
r288_c105_y2022.png,288,105,2022,-0.016949152573943100,
r290_c103_y2014.png,290,103,2014,-0.03105590119957920,
r290_c103_y2016.png,290,103,2016,-0.10059171915054300,
r290_c103_y2018.png,290,103,2018,0.1473684161901470,
r290_c103_y2020.png,290,103,2020,0.07042253762483600,
r290_c103_y2022.png,290,103,2022,0.10407239943742800,
r287_c105_y2014.png,287,105,2014,0.12264151126146300,
r287_c105_y2016.png,287,105,2016,0.1458333283662800,
r287_c105_y2018.png,287,105,2018,0.005524862091988330,
r287_c105_y2020.png,287,105,2020,0.1428571492433550,
r287_c105_y2022.png,287,105,2022,-0.023474179208278700,
r289_c104_y2014.png,289,104,2014,0.010101010091602800,
r289_c104_y2016.png,289,104,2016,-0.01123595517128710,
r289_c104_y2018.png,289,104,2018,0.06586826592683790,
r289_c104_y2020.png,289,104,2020,0.09359605610370640,
r289_c104_y2022.png,289,104,2022,0.05882352963089940,
r287_c103_y2014.png,287,103,2014,0.11811023950576800,
r287_c103_y2016.png,287,103,2016,0.08064515888690950,
r287_c103_y2018.png,287,103,2018,0.18238992989063300,
r287_c103_y2020.png,287,103,2020,0.07096774131059650,
r287_c103_y2022.png,287,103,2022,0.19205297529697400,
r288_c104_y2014.png,288,104,2014,-0.010101010091602800,
r288_c104_y2016.png,288,104,2016,-0.03448275849223140,
r288_c104_y2018.png,288,104,2018,0.10999999940395400,
r288_c104_y2020.png,288,104,2020,0.0729166641831398,
r288_c104_y2022.png,288,104,2022,0.027272727340459800,
r361_c279_y2014.png,361,279,2014,0.16129031777381900,
r361_c279_y2016.png,361,279,2016,0.12621359527111100,
r361_c279_y2018.png,361,279,2018,0.10638298094272600,
r361_c279_y2020.png,361,279,2020,0.11881188303232200,
r361_c279_y2022.png,361,279,2022,0.03937007859349250,
r362_c282_y2014.png,362,282,2014,0.19298245012760200,
r362_c282_y2016.png,362,282,2016,0.20353981852531400,
r362_c282_y2018.png,362,282,2018,0.2151898741722110,
r362_c282_y2020.png,362,282,2020,0.23404255509376500,
r362_c282_y2022.png,362,282,2022,0.24223601818084700,
r360_c280_y2014.png,360,280,2014,0.13978494703769700,
r360_c280_y2016.png,360,280,2016,0.09708737581968310,
r360_c280_y2018.png,360,280,2018,0.15032680332660700,
r360_c280_y2020.png,360,280,2020,0.13978494703769700,
r360_c280_y2022.png,360,280,2022,0.15107913315296200,
r359_c281_y2014.png,359,281,2014,0.0,
r359_c281_y2016.png,359,281,2016,-0.04109589010477070,
r359_c281_y2018.png,359,281,2018,0.07526881992816930,
r359_c281_y2020.png,359,281,2020,0.06756756454706190,
r359_c281_y2022.png,359,281,2022,0.18238992989063300,
r363_c282_y2014.png,363,282,2014,0.25974026322364800,
r363_c282_y2016.png,363,282,2016,0.22580644488334700,
r363_c282_y2018.png,363,282,2018,0.20000000298023200,
r363_c282_y2020.png,363,282,2020,0.2804878056049350,
r363_c282_y2022.png,363,282,2022,0.1855670064687730,
r362_c281_y2014.png,362,281,2014,0.1666666716337200,
r362_c281_y2016.png,362,281,2016,0.13131313025951400,
r362_c281_y2018.png,362,281,2018,0.2023121416568760,
r362_c281_y2020.png,362,281,2020,0.12380952388048200,
r362_c281_y2022.png,362,281,2022,0.2631579041481020,
r361_c280_y2014.png,361,280,2014,0.20779220759868600,
r361_c280_y2016.png,361,280,2016,0.10869564861059200,
r361_c280_y2018.png,361,280,2018,0.08965517580509190,
r361_c280_y2020.png,361,280,2020,0.0736842080950737,
r361_c280_y2022.png,361,280,2022,0.13821138441562700,
r359_c279_y2014.png,359,279,2014,0.044247787445783600,
r359_c279_y2016.png,359,279,2016,0.03999999910593030,
r359_c279_y2018.png,359,279,2018,0.006369426846504210,
r359_c279_y2020.png,359,279,2020,0.11219511926174200,
r359_c279_y2022.png,359,279,2022,0.006289307959377770,
r360_c283_y2014.png,360,283,2014,0.21472392976284000,
r360_c283_y2016.png,360,283,2016,0.20467835664749100,
r360_c283_y2018.png,360,283,2018,0.17757008969783800,
r360_c283_y2020.png,360,283,2020,0.24528302252292600,
r360_c283_y2022.png,360,283,2022,0.1428571492433550,
r361_c283_y2014.png,361,283,2014,0.2450331151485440,
r361_c283_y2016.png,361,283,2016,0.25170066952705400,
r361_c283_y2018.png,361,283,2018,0.21904762089252500,
r361_c283_y2020.png,361,283,2020,0.18857142329216000,
r361_c283_y2022.png,361,283,2022,0.1458333283662800,
r359_c283_y2014.png,359,283,2014,0.14130434393882800,
r359_c283_y2016.png,359,283,2016,0.15606936812400800,
r359_c283_y2018.png,359,283,2018,0.07382550090551380,
r359_c283_y2020.png,359,283,2020,0.20481927692890200,
r359_c283_y2022.png,359,283,2022,0.0810810774564743,
r363_c283_y2014.png,363,283,2014,0.21590909361839300,
r363_c283_y2016.png,363,283,2016,0.25827813148498500,
r363_c283_y2018.png,363,283,2018,0.16949152946472200,
r363_c283_y2020.png,363,283,2020,0.20574162900447800,
r363_c283_y2022.png,363,283,2022,0.13385826349258400,
r362_c283_y2014.png,362,283,2014,0.24705882370472000,
r362_c283_y2016.png,362,283,2016,0.29032257199287400,
r362_c283_y2018.png,362,283,2018,0.14851485192775700,
r362_c283_y2020.png,362,283,2020,0.19170984625816300,
r362_c283_y2022.png,362,283,2022,0.16949152946472200,
r363_c281_y2014.png,363,281,2014,0.2068965584039690,
r363_c281_y2016.png,363,281,2016,0.033707864582538600,
r363_c281_y2018.png,363,281,2018,0.21348313987255100,
r363_c281_y2020.png,363,281,2020,0.19480518996715500,
r363_c281_y2022.png,363,281,2022,0.2637362778186800,
r359_c280_y2014.png,359,280,2014,-0.018018018454313300,
r359_c280_y2016.png,359,280,2016,0.031111111864447600,
r359_c280_y2018.png,359,280,2018,0.005847953259944920,
r359_c280_y2020.png,359,280,2020,0.05882352963089940,
r359_c280_y2022.png,359,280,2022,0.10126582533121100,
r361_c281_y2014.png,361,281,2014,0.171171173453331,
r361_c281_y2016.png,361,281,2016,0.1599999964237210,
r361_c281_y2018.png,361,281,2018,0.1719745248556140,
r361_c281_y2020.png,361,281,2020,0.13793103396892500,
r361_c281_y2022.png,361,281,2022,0.2229299396276470,
r359_c282_y2014.png,359,282,2014,0.1508379876613620,
r359_c282_y2016.png,359,282,2016,-0.005347593687474730,
r359_c282_y2018.png,359,282,2018,0.221374049782753,
r359_c282_y2020.png,359,282,2020,0.19745223224163100,
r359_c282_y2022.png,359,282,2022,0.23188406229019200,
r360_c279_y2014.png,360,279,2014,0.13300491869449600,
r360_c279_y2016.png,360,279,2016,0.10476190596818900,
r360_c279_y2018.png,360,279,2018,0.05806451663374900,
r360_c279_y2020.png,360,279,2020,0.16129031777381900,
r360_c279_y2022.png,360,279,2022,0.03267974033951760,
r360_c282_y2014.png,360,282,2014,0.22891566157341000,
r360_c282_y2016.png,360,282,2016,0.17880794405937200,
r360_c282_y2018.png,360,282,2018,0.2700729966163640,
r360_c282_y2020.png,360,282,2020,0.2777777910232540,
r360_c282_y2022.png,360,282,2022,0.22480620443821000,
r360_c281_y2014.png,360,281,2014,0.1944444477558140,
r360_c281_y2016.png,360,281,2016,0.08021390438079830,
r360_c281_y2018.png,360,281,2018,0.2531645596027370,
r360_c281_y2020.png,360,281,2020,0.1862068921327590,
r360_c281_y2022.png,360,281,2022,0.24285714328289000,
r361_c282_y2014.png,361,282,2014,0.23270440101623500,
r361_c282_y2016.png,361,282,2016,0.2295081913471220,
r361_c282_y2018.png,361,282,2018,0.260869562625885,
r361_c282_y2020.png,361,282,2020,0.18571428954601300,
r361_c282_y2022.png,361,282,2022,0.234375,
r218_c115_y2014.png,218,115,2014,0.04458598792552950,
r218_c115_y2016.png,218,115,2016,-0.037837836891412700,
r218_c115_y2018.png,218,115,2018,0.08641975373029710,
r218_c115_y2020.png,218,115,2020,0.1428571492433550,
r218_c115_y2022.png,218,115,2022,0.013888888992369200,
r217_c115_y2014.png,217,115,2014,0.10958904027938800,
r217_c115_y2016.png,217,115,2016,0.032258063554763800,
r217_c115_y2018.png,217,115,2018,0.0890052393078804,
r217_c115_y2020.png,217,115,2020,0.21359223127365100,
r217_c115_y2022.png,217,115,2022,0.027027027681469900,
r217_c112_y2014.png,217,112,2014,0.021834060549736000,
r217_c112_y2016.png,217,112,2016,0.09333333373069760,
r217_c112_y2018.png,217,112,2018,0.0,
r217_c112_y2020.png,217,112,2020,0.21904762089252500,
r217_c112_y2022.png,217,112,2022,0.021052632480859800,
r215_c114_y2014.png,215,114,2014,0.09189189225435260,
r215_c114_y2016.png,215,114,2016,0.16201117634773300,
r215_c114_y2018.png,215,114,2018,0.08056872338056560,
r215_c114_y2020.png,215,114,2020,0.1627907007932660,
r215_c114_y2022.png,215,114,2022,0.08056872338056560,
r215_c112_y2014.png,215,112,2014,0.19617225229740100,
r215_c112_y2016.png,215,112,2016,0.21621622145175900,
r215_c112_y2018.png,215,112,2018,0.08235294371843340,
r215_c112_y2020.png,215,112,2020,0.26249998807907100,
r215_c112_y2022.png,215,112,2022,0.09714286029338840,
r217_c116_y2014.png,217,116,2014,0.11764705926179900,
r217_c116_y2016.png,217,116,2016,0.22834645211696600,
r217_c116_y2018.png,217,116,2018,0.041916169226169600,
r217_c116_y2020.png,217,116,2020,0.12068965286016500,
r217_c116_y2022.png,217,116,2022,-0.030612245202064500,
r215_c113_y2014.png,215,113,2014,0.07446808367967610,
r215_c113_y2016.png,215,113,2016,0.26530611515045200,
r215_c113_y2018.png,215,113,2018,0.16402116417884800,
r215_c113_y2020.png,215,113,2020,0.16167664527893100,
r215_c113_y2022.png,215,113,2022,0.1666666716337200,
r214_c113_y2014.png,214,113,2014,0.09714286029338840,
r214_c113_y2016.png,214,113,2016,0.1111111119389530,
r214_c113_y2018.png,214,113,2018,0.16842105984687800,
r214_c113_y2020.png,214,113,2020,0.22302158176899000,
r214_c113_y2022.png,214,113,2022,0.2183908075094220,
r216_c115_y2014.png,216,115,2014,0.21739129722118400,
r216_c115_y2016.png,216,115,2016,0.21008403599262200,
r216_c115_y2018.png,216,115,2018,0.02512562833726410,
r216_c115_y2020.png,216,115,2020,0.17592592537403100,
r216_c115_y2022.png,216,115,2022,0.019999999552965200,
r214_c114_y2014.png,214,114,2014,0.16577540338039400,
r214_c114_y2016.png,214,114,2016,0.1882352977991100,
r214_c114_y2018.png,214,114,2018,0.06403940916061400,
r214_c114_y2020.png,214,114,2020,0.22981366515159600,
r214_c114_y2022.png,214,114,2022,0.06481481343507770,
r216_c116_y2014.png,216,116,2014,0.12359550595283500,
r216_c116_y2016.png,216,116,2016,0.2869565188884740,
r216_c116_y2018.png,216,116,2018,-0.027322404086589800,
r216_c116_y2020.png,216,116,2020,0.06072874367237090,
r216_c116_y2022.png,216,116,2022,0.0051282052882015700,
r214_c115_y2014.png,214,115,2014,0.13368983566761000,
r214_c115_y2016.png,214,115,2016,0.2150537669658660,
r214_c115_y2018.png,214,115,2018,0.09565217047929760,
r214_c115_y2020.png,214,115,2020,0.14691942930221600,
r214_c115_y2022.png,214,115,2022,0.043478261679410900,
r214_c112_y2014.png,214,112,2014,0.0964467003941536,
r214_c112_y2016.png,214,112,2016,0.1927710771560670,
r214_c112_y2018.png,214,112,2018,0.1942446082830430,
r214_c112_y2020.png,214,112,2020,0.1895424872636800,
r214_c112_y2022.png,214,112,2022,0.1818181872367860,
r216_c112_y2014.png,216,112,2014,0.10659898817539200,
r216_c112_y2016.png,216,112,2016,0.06666667014360430,
r216_c112_y2018.png,216,112,2018,0.02415458858013150,
r216_c112_y2020.png,216,112,2020,0.1822660118341450,
r216_c112_y2022.png,216,112,2022,0.029999999329447700,
r217_c114_y2014.png,217,114,2014,0.05263157933950420,
r217_c114_y2016.png,217,114,2016,0.01587301678955560,
r217_c114_y2018.png,217,114,2018,0.054187193512916600,
r217_c114_y2020.png,217,114,2020,0.07547169923782350,
r217_c114_y2022.png,217,114,2022,0.017341040074825300,
r216_c114_y2014.png,216,114,2014,0.021052632480859800,
r216_c114_y2016.png,216,114,2016,0.16363635659217800,
r216_c114_y2018.png,216,114,2018,0.06603773683309560,
r216_c114_y2020.png,216,114,2020,0.15094339847564700,
r216_c114_y2022.png,216,114,2022,0.043478261679410900,
r217_c113_y2014.png,217,113,2014,-0.021645022556185700,
r217_c113_y2016.png,217,113,2016,0.14423076808452600,
r217_c113_y2018.png,217,113,2018,-0.015228426083922400,
r217_c113_y2020.png,217,113,2020,0.06796116381883620,
r217_c113_y2022.png,217,113,2022,0.0,
r218_c112_y2014.png,218,112,2014,-0.013333333656191800,
r218_c112_y2016.png,218,112,2016,0.1818181872367860,
r218_c112_y2018.png,218,112,2018,-0.010869565419852700,
r218_c112_y2020.png,218,112,2020,0.20975609123706800,
r218_c112_y2022.png,218,112,2022,0.010204081423580600,
r216_c113_y2014.png,216,113,2014,-0.009345794096589090,
r216_c113_y2016.png,216,113,2016,0.2261306494474410,
r216_c113_y2018.png,216,113,2018,0.01587301678955560,
r216_c113_y2020.png,216,113,2020,0.09278350323438640,
r216_c113_y2022.png,216,113,2022,0.02150537632405760,
r215_c115_y2014.png,215,115,2014,0.19526627659797700,
r215_c115_y2016.png,215,115,2016,0.2666666805744170,
r215_c115_y2018.png,215,115,2018,0.0,
r215_c115_y2020.png,215,115,2020,0.16587677597999600,
r215_c115_y2022.png,215,115,2022,0.032967034727335000,
r218_c116_y2014.png,218,116,2014,0.022727273404598200,
r218_c116_y2016.png,218,116,2016,0.1428571492433550,
r218_c116_y2018.png,218,116,2018,0.043478261679410900,
r218_c116_y2020.png,218,116,2020,0.11794871836900700,
r218_c116_y2022.png,218,116,2022,0.0533333346247673,
r233_c304_y2014.png,233,304,2014,-0.06280193477869030,
r233_c304_y2016.png,233,304,2016,-0.06532663106918340,
r233_c304_y2018.png,233,304,2018,0.15492957830429100,
r233_c304_y2020.png,233,304,2020,0.110047847032547,
r233_c304_y2022.png,233,304,2022,0.10810811072588000,
r233_c305_y2014.png,233,305,2014,0.04545454680919650,
r233_c305_y2016.png,233,305,2016,0.06862745434045790,
r233_c305_y2018.png,233,305,2018,0.07630521804094320,
r233_c305_y2020.png,233,305,2020,0.14912280440330500,
r233_c305_y2022.png,233,305,2022,0.03200000151991840,
r229_c304_y2014.png,229,304,2014,0.2331606149673460,
r229_c304_y2016.png,229,304,2016,0.1702127605676650,
r229_c304_y2018.png,229,304,2018,0.10000000149011600,
r229_c304_y2020.png,229,304,2020,0.23163841664791100,
r229_c304_y2022.png,229,304,2022,0.12820513546466800,
r229_c303_y2014.png,229,303,2014,0.20958083868026700,
r229_c303_y2016.png,229,303,2016,0.1812080591917040,
r229_c303_y2018.png,229,303,2018,0.2023121416568760,
r229_c303_y2020.png,229,303,2020,0.22834645211696600,
r229_c303_y2022.png,229,303,2022,0.21739129722118400,
r230_c303_y2014.png,230,303,2014,0.14772726595401800,
r230_c303_y2016.png,230,303,2016,0.09826589375734330,
r230_c303_y2018.png,230,303,2018,0.20187793672084800,
r230_c303_y2020.png,230,303,2020,0.1834319531917570,
r230_c303_y2022.png,230,303,2022,0.1557788997888570,
r229_c305_y2014.png,229,305,2014,0.2153846174478530,
r229_c305_y2016.png,229,305,2016,0.14124293625354800,
r229_c305_y2018.png,229,305,2018,0.1461988240480420,
r229_c305_y2020.png,229,305,2020,0.1184210553765300,
r229_c305_y2022.png,229,305,2022,0.18666666746139500,
r232_c305_y2014.png,232,305,2014,0.1037735864520070,
r232_c305_y2016.png,232,305,2016,0.10891088843345600,
r232_c305_y2018.png,232,305,2018,0.0234375,
r232_c305_y2020.png,232,305,2020,0.16591928899288200,
r232_c305_y2022.png,232,305,2022,0.04065040498971940,
r230_c305_y2014.png,230,305,2014,0.20000000298023200,
r230_c305_y2016.png,230,305,2016,0.1034482792019840,
r230_c305_y2018.png,230,305,2018,0.023474179208278700,
r230_c305_y2020.png,230,305,2020,0.06730769574642180,
r230_c305_y2022.png,230,305,2022,0.06666667014360430,
r229_c302_y2014.png,229,302,2014,0.15714286267757400,
r229_c302_y2016.png,229,302,2016,0.1428571492433550,
r229_c302_y2018.png,229,302,2018,0.2075471729040150,
r229_c302_y2020.png,229,302,2020,0.21259842813015000,
r229_c302_y2022.png,229,302,2022,0.23870967328548400,
r230_c304_y2014.png,230,304,2014,0.1875,
r230_c304_y2016.png,230,304,2016,0.15306122601032300,
r230_c304_y2018.png,230,304,2018,0.023474179208278700,
r230_c304_y2020.png,230,304,2020,0.20618556439876600,
r230_c304_y2022.png,230,304,2022,0.06280193477869030,
r230_c302_y2014.png,230,302,2014,0.1599999964237210,
r230_c302_y2016.png,230,302,2016,0.09316769987344740,
r230_c302_y2018.png,230,302,2018,0.1557788997888570,
r230_c302_y2020.png,230,302,2020,0.10638298094272600,
r230_c302_y2022.png,230,302,2022,0.15508021414279900,
r232_c304_y2014.png,232,304,2014,0.02857142873108390,
r232_c304_y2016.png,232,304,2016,0.0054054055362939800,
r232_c304_y2018.png,232,304,2018,0.10280373692512500,
r232_c304_y2020.png,232,304,2020,0.19767442345619200,
r232_c304_y2022.png,232,304,2022,0.2164948433637620,
r146_c7_y2014.png,146,7,2014,0.043478261679410900,
r146_c7_y2016.png,146,7,2016,0.043478261679410900,
r146_c7_y2018.png,146,7,2018,0.09999999403953550,
r146_c7_y2020.png,146,7,2020,0.1111110970377920,
r146_c7_y2022.png,146,7,2022,0.052631571888923600,
r175_c146_y2014.png,175,146,2014,0.26249998807907100,
r175_c146_y2016.png,175,146,2016,0.26618704199791000,
r175_c146_y2018.png,175,146,2018,0.21142856776714300,
r175_c146_y2020.png,175,146,2020,0.19512194395065300,
r175_c146_y2022.png,175,146,2022,0.1111111119389530,
r175_c145_y2014.png,175,145,2014,0.2222222238779070,
r175_c145_y2016.png,175,145,2016,0.1304347813129430,
r175_c145_y2018.png,175,145,2018,0.22981366515159600,
r175_c145_y2020.png,175,145,2020,0.14685314893722500,
r175_c145_y2022.png,175,145,2022,0.1801242232322690,
r174_c145_y2014.png,174,145,2014,0.05128205195069310,
r174_c145_y2016.png,174,145,2016,0.09090909361839290,
r174_c145_y2018.png,174,145,2018,0.19018404185771900,
r174_c145_y2020.png,174,145,2020,0.1304347813129430,
r174_c145_y2022.png,174,145,2022,0.24444444477558100,
r174_c146_y2014.png,174,146,2014,0.16384181380271900,
r174_c146_y2016.png,174,146,2016,0.1794871836900710,
r174_c146_y2018.png,174,146,2018,0.2702702581882480,
r174_c146_y2020.png,174,146,2020,0.20512820780277300,
r174_c146_y2022.png,174,146,2022,0.2030075192451480,
r82_c111_y2014.png,82,111,2014,0.1805555522441860,
r82_c111_y2016.png,82,111,2016,0.23577235639095300,
r82_c111_y2018.png,82,111,2018,0.26249998807907100,
r82_c111_y2020.png,82,111,2020,0.16564416885376000,
r82_c111_y2022.png,82,111,2022,0.1428571492433550,
r83_c113_y2014.png,83,113,2014,0.14705882966518400,
r83_c113_y2016.png,83,113,2016,0.2153846174478530,
r83_c113_y2018.png,83,113,2018,0.14084507524967200,
r83_c113_y2020.png,83,113,2020,0.10303030163049700,
r83_c113_y2022.png,83,113,2022,0.13698630034923600,
r83_c111_y2014.png,83,111,2014,0.2068965584039690,
r83_c111_y2016.png,83,111,2016,0.290909081697464,
r83_c111_y2018.png,83,111,2018,0.0972222238779068,
r83_c111_y2020.png,83,111,2020,0.06976744532585140,
r83_c111_y2022.png,83,111,2022,0.04285714402794840,
r80_c114_y2014.png,80,114,2014,0.010204081423580600,
r80_c114_y2016.png,80,114,2016,-0.005347593687474730,
r80_c114_y2018.png,80,114,2018,0.05263157933950420,
r80_c114_y2020.png,80,114,2020,0.07389162480831150,
r80_c114_y2022.png,80,114,2022,0.059405941516161000,
r81_c111_y2014.png,81,111,2014,0.19736842811107600,
r81_c111_y2016.png,81,111,2016,0.1818181872367860,
r81_c111_y2018.png,81,111,2018,0.2544378638267520,
r81_c111_y2020.png,81,111,2020,0.2638888955116270,
r81_c111_y2022.png,81,111,2022,0.2611464858055120,
r81_c114_y2014.png,81,114,2014,0.04901960864663120,
r81_c114_y2016.png,81,114,2016,0.058252427726984000,
r81_c114_y2018.png,81,114,2018,0.016574585810303700,
r81_c114_y2020.png,81,114,2020,0.05494505539536480,
r81_c114_y2022.png,81,114,2022,0.12941177189350100,
r83_c112_y2014.png,83,112,2014,0.19379845261573800,
r83_c112_y2016.png,83,112,2016,0.21008403599262200,
r83_c112_y2018.png,83,112,2018,0.109375,
r83_c112_y2020.png,83,112,2020,0.054054055362939800,
r83_c112_y2022.png,83,112,2022,0.051094889640808100,
r82_c113_y2014.png,82,113,2014,0.22368420660495800,
r82_c113_y2016.png,82,113,2016,0.28994083404541000,
r82_c113_y2018.png,82,113,2018,0.1803278625011440,
r82_c113_y2020.png,82,113,2020,0.2679738700389860,
r82_c113_y2022.png,82,113,2022,0.22727273404598200,
r80_c113_y2014.png,80,113,2014,-0.015075377188623000,
r80_c113_y2016.png,80,113,2016,0.16571427881717700,
r80_c113_y2018.png,80,113,2018,0.05882352963089940,
r80_c113_y2020.png,80,113,2020,0.09743589907884600,
r80_c113_y2022.png,80,113,2022,0.07446808367967610,
r81_c113_y2014.png,81,113,2014,0.08490566164255140,
r81_c113_y2016.png,81,113,2016,0.20812182128429400,
r81_c113_y2018.png,81,113,2018,0.07006369531154630,
r81_c113_y2020.png,81,113,2020,0.24210526049137100,
r81_c113_y2022.png,81,113,2022,0.16129031777381900,
r82_c110_y2014.png,82,110,2014,0.08943089097738270,
r82_c110_y2016.png,82,110,2016,0.032786883413791700,
r82_c110_y2018.png,82,110,2018,0.257485032081604,
r82_c110_y2020.png,82,110,2020,0.10526315867900800,
r82_c110_y2022.png,82,110,2022,0.13609467446804000,
r80_c111_y2014.png,80,111,2014,0.058139536529779400,
r80_c111_y2016.png,80,111,2016,0.0555555559694767,
r80_c111_y2018.png,80,111,2018,0.1719745248556140,
r80_c111_y2020.png,80,111,2020,0.15000000596046400,
r80_c111_y2022.png,80,111,2022,0.16959063708782200,
r82_c114_y2014.png,82,114,2014,0.1895424872636800,
r82_c114_y2016.png,82,114,2016,0.21739129722118400,
r82_c114_y2018.png,82,114,2018,0.15189872682094600,
r82_c114_y2020.png,82,114,2020,0.20895522832870500,
r82_c114_y2022.png,82,114,2022,0.2195121943950650,
r81_c112_y2014.png,81,112,2014,0.20441989600658400,
r81_c112_y2016.png,81,112,2016,0.24223601818084700,
r81_c112_y2018.png,81,112,2018,0.15976330637931800,
r81_c112_y2020.png,81,112,2020,0.28915661573410000,
r81_c112_y2022.png,81,112,2022,0.23999999463558200,
r80_c112_y2014.png,80,112,2014,0.15294118225574500,
r80_c112_y2016.png,80,112,2016,0.13333334028720900,
r80_c112_y2018.png,80,112,2018,0.017341040074825300,
r80_c112_y2020.png,80,112,2020,0.19075144827365900,
r80_c112_y2022.png,80,112,2022,0.07526881992816930,
r79_c112_y2014.png,79,112,2014,0.10614524781703900,
r79_c112_y2016.png,79,112,2016,0.10227272659540200,
r79_c112_y2018.png,79,112,2018,0.0,
r79_c112_y2020.png,79,112,2020,0.12426035851240200,
r79_c112_y2022.png,79,112,2022,0.016759777441620800,
r82_c112_y2014.png,82,112,2014,0.17365269362926500,
r82_c112_y2016.png,82,112,2016,0.2631579041481020,
r82_c112_y2018.png,82,112,2018,0.260869562625885,
r82_c112_y2020.png,82,112,2020,0.1801242232322690,
r82_c112_y2022.png,82,112,2022,0.19298245012760200,
r83_c114_y2014.png,83,114,2014,0.1818181872367860,
r83_c114_y2016.png,83,114,2016,0.1666666716337200,
r83_c114_y2018.png,83,114,2018,0.18974359333515200,
r83_c114_y2020.png,83,114,2020,0.18987341225147200,
r83_c114_y2022.png,83,114,2022,0.13966479897499100,
r81_c110_y2014.png,81,110,2014,0.08771929889917370,
r81_c110_y2016.png,81,110,2016,0.08737864345312120,
r81_c110_y2018.png,81,110,2018,0.23404255509376500,
r81_c110_y2020.png,81,110,2020,0.06194690242409710,
r81_c110_y2022.png,81,110,2022,0.23178808391094200,
r394_c174_y2014.png,394,174,2014,0.013574660755693900,
r394_c174_y2016.png,394,174,2016,0.04918032884597780,
r394_c174_y2018.png,394,174,2018,0.036269430071115500,
r394_c174_y2020.png,394,174,2020,0.05970149114727970,
r394_c174_y2022.png,394,174,2022,0.13750000298023200,
r394_c173_y2014.png,394,173,2014,0.03286384791135790,
r394_c173_y2016.png,394,173,2016,0.1428571492433550,
r394_c173_y2018.png,394,173,2018,0.08641975373029710,
r394_c173_y2020.png,394,173,2020,0.07692307978868480,
r394_c173_y2022.png,394,173,2022,0.08064515888690950,
r394_c172_y2014.png,394,172,2014,0.11926605552434900,
r394_c172_y2016.png,394,172,2016,0.1483253538608550,
r394_c172_y2018.png,394,172,2018,0.0827067643404007,
r394_c172_y2020.png,394,172,2020,0.1801242232322690,
r394_c172_y2022.png,394,172,2022,0.013888888992369200,
r394_c175_y2014.png,394,175,2014,0.009009009227156640,
r394_c175_y2016.png,394,175,2016,0.022624434903264000,
r394_c175_y2018.png,394,175,2018,-0.035087719559669500,
r394_c175_y2020.png,394,175,2020,0.07262569665908810,
r394_c175_y2022.png,394,175,2022,0.02083333395421510,
r390_c176_y2014.png,390,176,2014,0.12751677632331800,
r390_c176_y2016.png,390,176,2016,0.04575163498520850,
r390_c176_y2018.png,390,176,2018,0.1428571492433550,
r390_c176_y2020.png,390,176,2020,0.08888889104127880,
r390_c176_y2022.png,390,176,2022,0.17391304671764400,
r390_c172_y2014.png,390,172,2014,0.12442396581172900,
r390_c172_y2016.png,390,172,2016,0.07608695328235630,
r390_c172_y2018.png,390,172,2018,0.024793388321995700,
r390_c172_y2020.png,390,172,2020,0.15025906264782000,
r390_c172_y2022.png,390,172,2022,0.01666666753590110,
r198_c51_y2014.png,198,51,2014,0.05472636967897420,
r198_c51_y2016.png,198,51,2016,-0.021978022530674900,
r198_c51_y2018.png,198,51,2018,0.0736842080950737,
r198_c51_y2020.png,198,51,2020,0.15942029654979700,
r198_c51_y2022.png,198,51,2022,0.14814814925193800,
r194_c53_y2014.png,194,53,2014,0.02631578966975210,
r194_c53_y2016.png,194,53,2016,-0.04932735487818720,
r194_c53_y2018.png,194,53,2018,0.07999999821186070,
r194_c53_y2020.png,194,53,2020,0.11557789146900200,
r194_c53_y2022.png,194,53,2022,0.09947644174098970,
r198_c53_y2014.png,198,53,2014,0.12101911008358000,
r198_c53_y2016.png,198,53,2016,0.10160427540540700,
r198_c53_y2018.png,198,53,2018,-0.015544041059911300,
r198_c53_y2020.png,198,53,2020,0.0736842080950737,
r198_c53_y2022.png,198,53,2022,0.021276595070958100,
r198_c52_y2014.png,198,52,2014,0.10638298094272600,
r198_c52_y2016.png,198,52,2016,0.029126213863492000,
r198_c52_y2018.png,198,52,2018,-0.00917431153357029,
r198_c52_y2020.png,198,52,2020,0.1204819306731220,
r198_c52_y2022.png,198,52,2022,0.07772020995616910,
r184_c179_y2014.png,184,179,2014,0.0731707289814949,
r184_c179_y2016.png,184,179,2016,0.06072874367237090,
r184_c179_y2018.png,184,179,2018,-0.003508772002533080,
r184_c179_y2020.png,184,179,2020,0.0625,
r184_c179_y2022.png,184,179,2022,-0.0037735849618911700,
r183_c178_y2014.png,183,178,2014,0.21176470816135400,
r183_c178_y2016.png,183,178,2016,0.19254659116268200,
r183_c178_y2018.png,183,178,2018,0.1428571492433550,
r183_c178_y2020.png,183,178,2020,0.2650602459907530,
r183_c178_y2022.png,183,178,2022,0.19607843458652500,
r184_c178_y2014.png,184,178,2014,0.17277486622333500,
r184_c178_y2016.png,184,178,2016,0.0984455943107605,
r184_c178_y2018.png,184,178,2018,0.0693877562880516,
r184_c178_y2020.png,184,178,2020,0.16431924700737,
r184_c178_y2022.png,184,178,2022,0.0560000017285347,
r183_c177_y2014.png,183,177,2014,0.1666666716337200,
r183_c177_y2016.png,183,177,2016,0.11666666716337200,
r183_c177_y2018.png,183,177,2018,0.17514124512672400,
r183_c177_y2020.png,183,177,2020,0.19148936867713900,
r183_c177_y2022.png,183,177,2022,0.2650602459907530,
r184_c177_y2014.png,184,177,2014,0.16030533611774400,
r184_c177_y2016.png,184,177,2016,0.08695652335882190,
r184_c177_y2018.png,184,177,2018,0.12745098769664800,
r184_c177_y2020.png,184,177,2020,0.14136125147342700,
r184_c177_y2022.png,184,177,2022,0.12962962687015500,
r183_c179_y2014.png,183,179,2014,0.1428571492433550,
r183_c179_y2016.png,183,179,2016,0.14537444710731500,
r183_c179_y2018.png,183,179,2018,0.018450183793902400,
r183_c179_y2020.png,183,179,2020,0.2054794579744340,
r183_c179_y2022.png,183,179,2022,0.023255813866853700,
r312_c136_y2014.png,312,136,2014,0.11888112127780900,
r312_c136_y2016.png,312,136,2016,0.09859155118465420,
r312_c136_y2018.png,312,136,2018,0.05681818351149560,
r312_c136_y2020.png,312,136,2020,0.08292683213949200,
r312_c136_y2022.png,312,136,2022,0.10843373835086800,
r309_c139_y2014.png,309,139,2014,0.023255813866853700,
r309_c139_y2016.png,309,139,2016,0.15730337798595400,
r309_c139_y2018.png,309,139,2018,0.19205297529697400,
r309_c139_y2020.png,309,139,2020,0.0920245423913002,
r309_c139_y2022.png,309,139,2022,0.14482758939266200,
r311_c139_y2014.png,311,139,2014,0.025380710139870600,
r311_c139_y2016.png,311,139,2016,0.07865168899297710,
r311_c139_y2018.png,311,139,2018,0.009259259328246120,
r311_c139_y2020.png,311,139,2020,0.07954545319080350,
r311_c139_y2022.png,311,139,2022,0.06542056053876880,
r311_c137_y2014.png,311,137,2014,0.19526627659797700,
r311_c137_y2016.png,311,137,2016,0.25641027092933700,
r311_c137_y2018.png,311,137,2018,0.05263157933950420,
r311_c137_y2020.png,311,137,2020,0.2133333384990690,
r311_c137_y2022.png,311,137,2022,0.11999999731779100,
r312_c135_y2014.png,312,135,2014,0.0,
r312_c135_y2016.png,312,135,2016,-0.0486486479640007,
r312_c135_y2018.png,312,135,2018,0.08163265138864520,
r312_c135_y2020.png,312,135,2020,0.07070706784725190,
r312_c135_y2022.png,312,135,2022,0.1149425283074380,
r313_c139_y2014.png,313,139,2014,0.05945945903658870,
r313_c139_y2016.png,313,139,2016,0.1538461595773700,
r313_c139_y2018.png,313,139,2018,0.10112359374761600,
r313_c139_y2020.png,313,139,2020,0.12883435189724000,
r313_c139_y2022.png,313,139,2022,0.10112359374761600,
r313_c135_y2014.png,313,135,2014,0.09090909361839290,
r313_c135_y2016.png,313,135,2016,0.021052632480859800,
r313_c135_y2018.png,313,135,2018,0.10526315867900800,
r313_c135_y2020.png,313,135,2020,0.1428571492433550,
r313_c135_y2022.png,313,135,2022,0.13450291752815200,
r310_c137_y2014.png,310,137,2014,0.13705584406852700,
r310_c137_y2016.png,310,137,2016,0.14720812439918500,
r310_c137_y2018.png,310,137,2018,-0.009523809887468820,
r310_c137_y2020.png,310,137,2020,0.16763006150722500,
r310_c137_y2022.png,310,137,2022,0.036269430071115500,
r310_c136_y2014.png,310,136,2014,0.12371134012937500,
r310_c136_y2016.png,310,136,2016,0.1812080591917040,
r310_c136_y2018.png,310,136,2018,0.08292683213949200,
r310_c136_y2020.png,310,136,2020,0.2666666805744170,
r310_c136_y2022.png,310,136,2022,0.16853933036327400,
r309_c135_y2014.png,309,135,2014,0.03144654259085660,
r309_c135_y2016.png,309,135,2016,0.1631205677986150,
r309_c135_y2018.png,309,135,2018,0.0810810774564743,
r309_c135_y2020.png,309,135,2020,0.05882352963089940,
r309_c135_y2022.png,309,135,2022,0.20000000298023200,
r310_c135_y2014.png,310,135,2014,0.1066666692495350,
r310_c135_y2016.png,310,135,2016,0.06122449040412900,
r310_c135_y2018.png,310,135,2018,0.2235294133424760,
r310_c135_y2020.png,310,135,2020,0.17142857611179400,
r310_c135_y2022.png,310,135,2022,0.30000001192092900,
r311_c135_y2014.png,311,135,2014,0.03846153989434240,
r311_c135_y2016.png,311,135,2016,0.05882352963089940,
r311_c135_y2018.png,311,135,2018,0.25517240166664100,
r311_c135_y2020.png,311,135,2020,0.09375,
r311_c135_y2022.png,311,135,2022,0.20270270109176600,
r309_c137_y2014.png,309,137,2014,0.03883495181798940,
r309_c137_y2016.png,309,137,2016,-0.0422535203397274,
r309_c137_y2018.png,309,137,2018,0.10880828648805600,
r309_c137_y2020.png,309,137,2020,0.17391304671764400,
r309_c137_y2022.png,309,137,2022,0.0476190485060215,
r313_c138_y2014.png,313,138,2014,-0.011627906933426900,
r313_c138_y2016.png,313,138,2016,0.13846154510974900,
r313_c138_y2018.png,313,138,2018,0.1461988240480420,
r313_c138_y2020.png,313,138,2020,0.11450381577014900,
r313_c138_y2022.png,313,138,2022,0.14864864945411700,
r311_c138_y2014.png,311,138,2014,0.06341463327407840,
r311_c138_y2016.png,311,138,2016,0.1428571492433550,
r311_c138_y2018.png,311,138,2018,0.030674846842885000,
r311_c138_y2020.png,311,138,2020,0.13698630034923600,
r311_c138_y2022.png,311,138,2022,0.1111111119389530,
r312_c137_y2014.png,312,137,2014,0.11688311398029300,
r312_c137_y2016.png,312,137,2016,0.16546761989593500,
r312_c137_y2018.png,312,137,2018,0.1773049682378770,
r312_c137_y2020.png,312,137,2020,0.0760233923792839,
r312_c137_y2022.png,312,137,2022,0.1773049682378770,
r311_c136_y2014.png,311,136,2014,0.17391304671764400,
r311_c136_y2016.png,311,136,2016,0.18248175084590900,
r311_c136_y2018.png,311,136,2018,0.20481927692890200,
r311_c136_y2020.png,311,136,2020,0.1975308656692510,
r311_c136_y2022.png,311,136,2022,0.19480518996715500,
r309_c136_y2014.png,309,136,2014,-0.009523809887468820,
r309_c136_y2016.png,309,136,2016,0.07096774131059650,
r309_c136_y2018.png,309,136,2018,0.13978494703769700,
r309_c136_y2020.png,309,136,2020,0.18881118297576900,
r309_c136_y2022.png,309,136,2022,0.12562814354896500,
r312_c138_y2014.png,312,138,2014,0.026455026119947400,
r312_c138_y2016.png,312,138,2016,0.18666666746139500,
r312_c138_y2018.png,312,138,2018,0.10638298094272600,
r312_c138_y2020.png,312,138,2020,0.23076923191547400,
r312_c138_y2022.png,312,138,2022,0.11627907305955900,
r309_c138_y2014.png,309,138,2014,0.1428571492433550,
r309_c138_y2016.png,309,138,2016,0.06122449040412900,
r309_c138_y2018.png,309,138,2018,0.013513513840735000,
r309_c138_y2020.png,309,138,2020,0.13450291752815200,
r309_c138_y2022.png,309,138,2022,0.043478261679410900,
r312_c139_y2014.png,312,139,2014,0.018518518656492200,
r312_c139_y2016.png,312,139,2016,0.09782608598470690,
r312_c139_y2018.png,312,139,2018,0.01785714365541940,
r312_c139_y2020.png,312,139,2020,0.09677419066429140,
r312_c139_y2022.png,312,139,2022,0.03669724613428120,
r313_c136_y2014.png,313,136,2014,0.14074073731899300,
r313_c136_y2016.png,313,136,2016,0.09302325546741490,
r313_c136_y2018.png,313,136,2018,0.07058823853731160,
r313_c136_y2020.png,313,136,2020,0.12371134012937500,
r313_c136_y2022.png,313,136,2022,0.1111111119389530,
r235_c274_y2014.png,235,274,2014,0.004739336669445040,
r235_c274_y2016.png,235,274,2016,0.06214689090847970,
r235_c274_y2018.png,235,274,2018,0.009523809887468820,
r235_c274_y2020.png,235,274,2020,0.050359711050987200,
r235_c274_y2022.png,235,274,2022,0.024875622242689100,
r65_c197_y2014.png,65,197,2014,0.25,
r65_c197_y2016.png,65,197,2016,0.29411765933036800,
r65_c197_y2018.png,65,197,2018,0.2544378638267520,
r65_c197_y2020.png,65,197,2020,0.2985074520111080,
r65_c197_y2022.png,65,197,2022,0.2857142984867100,
r65_c193_y2014.png,65,193,2014,0.23178808391094200,
r65_c193_y2016.png,65,193,2016,0.22543352842330900,
r65_c193_y2018.png,65,193,2018,0.14942528307437900,
r65_c193_y2020.png,65,193,2020,0.1875,
r65_c193_y2022.png,65,193,2022,0.043478261679410900,
r63_c193_y2014.png,63,193,2014,0.26249998807907100,
r63_c193_y2016.png,63,193,2016,0.23926380276680000,
r63_c193_y2018.png,63,193,2018,0.04522613063454630,
r63_c193_y2020.png,63,193,2020,0.20218579471111300,
r63_c193_y2022.png,63,193,2022,0.04854368790984150,
r63_c197_y2014.png,63,197,2014,-0.010309278033673800,
r63_c197_y2016.png,63,197,2016,0.02923976629972460,
r63_c197_y2018.png,63,197,2018,0.07284767925739290,
r63_c197_y2020.png,63,197,2020,0.13548387587070500,
r63_c197_y2022.png,63,197,2022,0.10059171915054300,
r65_c196_y2014.png,65,196,2014,0.09890110045671460,
r65_c196_y2016.png,65,196,2016,0.10091742873191800,
r65_c196_y2018.png,65,196,2018,0.26241135597229000,
r65_c196_y2020.png,65,196,2020,0.2380952388048170,
r65_c196_y2022.png,65,196,2022,0.29936304688453700,
r64_c193_y2014.png,64,193,2014,0.2222222238779070,
r64_c193_y2016.png,64,193,2016,0.20710058510303500,
r64_c193_y2018.png,64,193,2018,0.0810810774564743,
r64_c193_y2020.png,64,193,2020,0.20930232107639300,
r64_c193_y2022.png,64,193,2022,0.13483145833015400,
r64_c196_y2014.png,64,196,2014,0.05882352963089940,
r64_c196_y2016.png,64,196,2016,0.1587301641702650,
r64_c196_y2018.png,64,196,2018,0.23943662643432600,
r64_c196_y2020.png,64,196,2020,0.10091742873191800,
r64_c196_y2022.png,64,196,2022,0.2602739632129670,
r64_c194_y2014.png,64,194,2014,0.1818181872367860,
r64_c194_y2016.png,64,194,2016,0.21621622145175900,
r64_c194_y2018.png,64,194,2018,0.09243697673082350,
r64_c194_y2020.png,64,194,2020,0.08602150529623030,
r64_c194_y2022.png,64,194,2022,0.037974681705236400,
r66_c197_y2014.png,66,197,2014,0.17073170840740200,
r66_c197_y2016.png,66,197,2016,0.22580644488334700,
r66_c197_y2018.png,66,197,2018,0.16577540338039400,
r66_c197_y2020.png,66,197,2020,0.1927710771560670,
r66_c197_y2022.png,66,197,2022,0.1525423675775530,
r66_c196_y2014.png,66,196,2014,0.1090909093618390,
r66_c196_y2016.png,66,196,2016,0.013513513840735000,
r66_c196_y2018.png,66,196,2018,0.20670391619205500,
r66_c196_y2020.png,66,196,2020,0.13375796377658800,
r66_c196_y2022.png,66,196,2022,0.16022099554538700,
r64_c197_y2014.png,64,197,2014,0.1111111119389530,
r64_c197_y2016.png,64,197,2016,0.18881118297576900,
r64_c197_y2018.png,64,197,2018,0.125,
r64_c197_y2020.png,64,197,2020,0.23664122819900500,
r64_c197_y2022.png,64,197,2022,0.20987653732299800,
r41_c284_y2014.png,41,284,2014,0.11917098611593200,
r41_c284_y2016.png,41,284,2016,0.11917098611593200,
r41_c284_y2018.png,41,284,2018,0.0,
r41_c284_y2020.png,41,284,2020,0.1912568360567090,
r41_c284_y2022.png,41,284,2022,0.046296294778585400,
r40_c282_y2014.png,40,282,2014,0.1553398072719570,DEAD
r40_c282_y2016.png,40,282,2016,0.20408163964748400,LIVE
r40_c282_y2018.png,40,282,2018,0.13978494703769700,DEAD
r40_c282_y2020.png,40,282,2020,0.2954545319080350,LIVE
r40_c282_y2022.png,40,282,2022,0.12790697813034100,DEAD
r42_c283_y2014.png,42,283,2014,0.1082802563905720,BARE
r42_c283_y2016.png,42,283,2016,0.041420117020607000,BARE
r42_c283_y2018.png,42,283,2018,0.1037735864520070,BARE
r42_c283_y2020.png,42,283,2020,0.11881188303232200,BARE
r42_c283_y2022.png,42,283,2022,0.07547169923782350,BARE
r42_c284_y2014.png,42,284,2014,0.11675126850605000,
r42_c284_y2016.png,42,284,2016,0.06422018259763720,
r42_c284_y2018.png,42,284,2018,-0.004444444552063940,
r42_c284_y2020.png,42,284,2020,0.0976744219660759,
r42_c284_y2022.png,42,284,2022,0.022421523928642300,
r40_c286_y2014.png,40,286,2014,0.260869562625885,
r40_c286_y2016.png,40,286,2016,0.2647058963775640,
r40_c286_y2018.png,40,286,2018,0.261904776096344,
r40_c286_y2020.png,40,286,2020,0.3132530152797700,
r40_c286_y2022.png,40,286,2022,0.23636363446712500,
r40_c285_y2014.png,40,285,2014,0.18110236525535600,
r40_c285_y2016.png,40,285,2016,0.21666666865348800,
r40_c285_y2018.png,40,285,2018,0.25882354378700300,
r40_c285_y2020.png,40,285,2020,0.17499999701976800,
r40_c285_y2022.png,40,285,2022,0.25609755516052200,
r40_c283_y2014.png,40,283,2014,0.1487179547548290,
r40_c283_y2016.png,40,283,2016,0.24590164422988900,
r40_c283_y2018.png,40,283,2018,0.07182320207357410,
r40_c283_y2020.png,40,283,2020,0.17045454680919600,
r40_c283_y2022.png,40,283,2022,0.057591624557972000,
r41_c286_y2014.png,41,286,2014,0.17880794405937200,
r41_c286_y2016.png,41,286,2016,0.13333334028720900,
r41_c286_y2018.png,41,286,2018,0.13812154531478900,
r41_c286_y2020.png,41,286,2020,0.09677419066429140,
r41_c286_y2022.png,41,286,2022,0.10752688348293300,
r41_c285_y2014.png,41,285,2014,0.07547169923782350,
r41_c285_y2016.png,41,285,2016,0.0890052393078804,
r41_c285_y2018.png,41,285,2018,0.06862745434045790,
r41_c285_y2020.png,41,285,2020,0.06542056053876880,
r41_c285_y2022.png,41,285,2022,0.07920791953802110,
r41_c283_y2014.png,41,283,2014,0.17419354617595700,
r41_c283_y2016.png,41,283,2016,0.2222222238779070,
r41_c283_y2018.png,41,283,2018,0.12371134012937500,
r41_c283_y2020.png,41,283,2020,0.2933333218097690,
r41_c283_y2022.png,41,283,2022,0.16022099554538700,
r41_c282_y2014.png,41,282,2014,0.0793650820851326,
r41_c282_y2016.png,41,282,2016,0.10638298094272600,
r41_c282_y2018.png,41,282,2018,0.17557251453399700,
r41_c282_y2020.png,41,282,2020,0.18518517911434200,
r41_c282_y2022.png,41,282,2022,0.16438356041908300,
r151_c324_y2014.png,151,324,2014,0.20967741310596500,
r151_c324_y2016.png,151,324,2016,0.30000001192092900,
r151_c324_y2018.png,151,324,2018,0.2857142984867100,
r151_c324_y2020.png,151,324,2020,0.2716049253940580,
r151_c324_y2022.png,151,324,2022,0.1826086938381200,
r152_c322_y2014.png,152,322,2014,0.027272727340459800,
r152_c322_y2016.png,152,322,2016,0.1603773534297940,
r152_c322_y2018.png,152,322,2018,0.06122449040412900,
r152_c322_y2020.png,152,322,2020,0.10659898817539200,
r152_c322_y2022.png,152,322,2022,-0.0044843051582574800,
r152_c323_y2014.png,152,323,2014,0.10389610379934300,
r152_c323_y2016.png,152,323,2016,0.1527777761220930,
r152_c323_y2018.png,152,323,2018,0.24418604373931900,
r152_c323_y2020.png,152,323,2020,0.23333333432674400,
r152_c323_y2022.png,152,323,2022,0.010526316240429900,
r152_c321_y2014.png,152,321,2014,0.1376146823167800,
r152_c321_y2016.png,152,321,2016,0.2670156955718990,
r152_c321_y2018.png,152,321,2018,0.0357142873108387,
r152_c321_y2020.png,152,321,2020,0.16201117634773300,
r152_c321_y2022.png,152,321,2022,-0.0042553190141916300,
r151_c322_y2014.png,151,322,2014,0.07284767925739290,
r151_c322_y2016.png,151,322,2016,0.1358024626970290,
r151_c322_y2018.png,151,322,2018,0.07608695328235630,
r151_c322_y2020.png,151,322,2020,0.06878306716680530,
r151_c322_y2022.png,151,322,2022,0.004926108289510010,
r154_c325_y2014.png,154,325,2014,-0.0181818176060915,
r154_c325_y2016.png,154,325,2016,-0.05116279050707820,
r154_c325_y2018.png,154,325,2018,0.23863635957241100,
r154_c325_y2020.png,154,325,2020,0.20000000298023200,
r154_c325_y2022.png,154,325,2022,0.026455026119947400,
r152_c324_y2014.png,152,324,2014,0.17557251453399700,
r152_c324_y2016.png,152,324,2016,0.25581395626068100,
r152_c324_y2018.png,152,324,2018,0.30718955397605900,
r152_c324_y2020.png,152,324,2020,0.22994652390480000,
r152_c324_y2022.png,152,324,2022,0.04651162773370740,
r154_c322_y2014.png,154,322,2014,0.027522936463356000,
r154_c322_y2016.png,154,322,2016,0.2112676054239270,
r154_c322_y2018.png,154,322,2018,0.058252427726984000,
r154_c322_y2020.png,154,322,2020,0.0824742242693901,
r154_c322_y2022.png,154,322,2022,-0.020618556067347500,
r150_c323_y2014.png,150,323,2014,0.1111111119389530,
r150_c323_y2016.png,150,323,2016,0.09890110045671460,
r150_c323_y2018.png,150,323,2018,0.25974026322364800,
r150_c323_y2020.png,150,323,2020,0.25984251499176000,
r150_c323_y2022.png,150,323,2022,0.16083915531635300,
r152_c325_y2014.png,152,325,2014,0.18840579688549000,
r152_c325_y2016.png,152,325,2016,0.26174497604370100,
r152_c325_y2018.png,152,325,2018,0.2677595615386960,
r152_c325_y2020.png,152,325,2020,0.2195121943950650,
r152_c325_y2022.png,152,325,2022,0.15217390656471300,
r151_c323_y2014.png,151,323,2014,0.0796460211277008,
r151_c323_y2016.png,151,323,2016,0.18518517911434200,
r151_c323_y2018.png,151,323,2018,0.2760736048221590,
r151_c323_y2020.png,151,323,2020,0.24137930572032900,
r151_c323_y2022.png,151,323,2022,0.05590062215924260,
r153_c325_y2014.png,153,325,2014,0.0,
r153_c325_y2016.png,153,325,2016,0.0,
r153_c325_y2018.png,153,325,2018,0.19354838132858300,
r153_c325_y2020.png,153,325,2020,0.14438502490520500,
r153_c325_y2022.png,153,325,2022,0.02083333395421510,
r150_c324_y2014.png,150,324,2014,0.23664122819900500,
r150_c324_y2016.png,150,324,2016,0.25233644247055100,
r150_c324_y2018.png,150,324,2018,0.2839506268501280,
r150_c324_y2020.png,150,324,2020,0.2700729966163640,
r150_c324_y2022.png,150,324,2022,0.18110236525535600,
r153_c321_y2014.png,153,321,2014,0.12037037312984500,
r153_c321_y2016.png,153,321,2016,0.2626262605190280,
r153_c321_y2018.png,153,321,2018,0.04672897234559060,
r153_c321_y2020.png,153,321,2020,0.15000000596046400,
r153_c321_y2022.png,153,321,2022,-0.0044843051582574800,
r154_c321_y2014.png,154,321,2014,0.07000000029802320,
r154_c321_y2016.png,154,321,2016,0.23618090152740500,
r154_c321_y2018.png,154,321,2018,0.14942528307437900,
r154_c321_y2020.png,154,321,2020,0.22651933133602100,
r154_c321_y2022.png,154,321,2022,0.02222222276031970,
r150_c325_y2014.png,150,325,2014,0.2469135820865630,
r150_c325_y2016.png,150,325,2016,0.30434781312942500,
r150_c325_y2018.png,150,325,2018,0.25882354378700300,
r150_c325_y2020.png,150,325,2020,0.2857142984867100,
r150_c325_y2022.png,150,325,2022,0.1764705926179890,
r151_c325_y2014.png,151,325,2014,0.2374100685119630,
r151_c325_y2016.png,151,325,2016,0.30136987566947900,
r151_c325_y2018.png,151,325,2018,0.24719101190567000,
r151_c325_y2020.png,151,325,2020,0.2639999985694890,
r151_c325_y2022.png,151,325,2022,0.23529411852359800,
r320_c185_y2014.png,320,185,2014,0.20000000298023200,
r320_c185_y2016.png,320,185,2016,0.22891566157341000,
r320_c185_y2018.png,320,185,2018,0.13615024089813200,
r320_c185_y2020.png,320,185,2020,0.23664122819900500,
r320_c185_y2022.png,320,185,2022,0.1702127605676650,
r320_c187_y2014.png,320,187,2014,0.053892213851213500,
r320_c187_y2016.png,320,187,2016,0.07537688314914700,
r320_c187_y2018.png,320,187,2018,0.0051282052882015700,
r320_c187_y2020.png,320,187,2020,0.07389162480831150,
r320_c187_y2022.png,320,187,2022,0.019801979884505300,
r320_c186_y2014.png,320,186,2014,0.14754098653793300,
r320_c186_y2016.png,320,186,2016,0.15625,
r320_c186_y2018.png,320,186,2018,0.030837005004286800,
r320_c186_y2020.png,320,186,2020,0.21311475336551700,
r320_c186_y2022.png,320,186,2022,0.031674209982156800,
r319_c185_y2014.png,319,185,2014,0.15337423980236100,
r319_c185_y2016.png,319,185,2016,0.06306306272745130,
r319_c185_y2018.png,319,185,2018,-0.008333333767950540,
r319_c185_y2020.png,319,185,2020,0.10000000149011600,
r319_c185_y2022.png,319,185,2022,0.07619047909975050,
r317_c189_y2014.png,317,189,2014,0.05882352963089940,
r317_c189_y2016.png,317,189,2016,0.06382978707551960,
r317_c189_y2018.png,317,189,2018,0.19696970283985100,
r317_c189_y2020.png,317,189,2020,0.06832297891378400,
r317_c189_y2022.png,317,189,2022,0.18248175084590900,
r316_c189_y2014.png,316,189,2014,0.031578946858644500,
r316_c189_y2016.png,316,189,2016,0.044247787445783600,
r316_c189_y2018.png,316,189,2018,0.16363635659217800,
r316_c189_y2020.png,316,189,2020,0.08875739574432370,
r316_c189_y2022.png,316,189,2022,0.16949152946472200,
r298_c101_y2014.png,298,101,2014,0.026737967506051100,
r298_c101_y2016.png,298,101,2016,0.009900989942252640,
r298_c101_y2018.png,298,101,2018,0.15909090638160700,
r298_c101_y2020.png,298,101,2020,0.13084112107753800,
r298_c101_y2022.png,298,101,2022,0.1354166716337200,
r298_c98_y2014.png,298,98,2014,0.03809523954987530,
r298_c98_y2016.png,298,98,2016,0.14432989060878800,
r298_c98_y2018.png,298,98,2018,0.04522613063454630,
r298_c98_y2020.png,298,98,2020,0.1190476194024090,
r298_c98_y2022.png,298,98,2022,0.027624309062957800,
r299_c98_y2014.png,299,98,2014,0.10576923191547400,
r299_c98_y2016.png,299,98,2016,0.1881188154220580,
r299_c98_y2018.png,299,98,2018,0.056410256773233400,
r299_c98_y2020.png,299,98,2020,0.16571427881717700,
r299_c98_y2022.png,299,98,2022,0.09302325546741490,
r298_c102_y2014.png,298,102,2014,0.16788321733474700,
r298_c102_y2016.png,298,102,2016,0.14457830786705000,
r298_c102_y2018.png,298,102,2018,0.18333333730697600,
r298_c102_y2020.png,298,102,2020,0.09497206658124920,
r298_c102_y2022.png,298,102,2022,0.1764705926179890,
r152_c40_y2014.png,152,40,2014,0.09473684430122380,
r152_c40_y2016.png,152,40,2016,-0.030674846842885000,
r152_c40_y2018.png,152,40,2018,0.05000000074505810,
r152_c40_y2020.png,152,40,2020,0.07692307978868480,
r152_c40_y2022.png,152,40,2022,0.06451612710952760,
r150_c41_y2014.png,150,41,2014,0.27731093764305100,
r150_c41_y2016.png,150,41,2016,0.321739137172699,
r150_c41_y2018.png,150,41,2018,0.23270440101623500,
r150_c41_y2020.png,150,41,2020,0.29885056614875800,
r150_c41_y2022.png,150,41,2022,0.2195121943950650,
r151_c40_y2014.png,151,40,2014,0.1111111119389530,
r151_c40_y2016.png,151,40,2016,0.0357142873108387,
r151_c40_y2018.png,151,40,2018,0.16571427881717700,
r151_c40_y2020.png,151,40,2020,0.24064171314239500,
r151_c40_y2022.png,151,40,2022,0.16483516991138500,
r149_c41_y2014.png,149,41,2014,0.1834319531917570,
r149_c41_y2016.png,149,41,2016,0.1515151560306550,
r149_c41_y2018.png,149,41,2018,0.269461065530777,
r149_c41_y2020.png,149,41,2020,0.3093525171279910,
r149_c41_y2022.png,149,41,2022,0.2763157784938810,
r148_c44_y2014.png,148,44,2014,0.16091954708099400,
r148_c44_y2016.png,148,44,2016,0.26213592290878300,
r148_c44_y2018.png,148,44,2018,0.0760233923792839,
r148_c44_y2020.png,148,44,2020,0.25153374671936000,
r148_c44_y2022.png,148,44,2022,0.13978494703769700,
r148_c42_y2014.png,148,42,2014,0.18918919563293500,
r148_c42_y2016.png,148,42,2016,0.2467532455921170,
r148_c42_y2018.png,148,42,2018,0.3048780560493470,
r148_c42_y2020.png,148,42,2020,0.3655172288417820,
r148_c42_y2022.png,148,42,2022,0.2830188572406770,
r148_c41_y2014.png,148,41,2014,0.19512194395065300,
r148_c41_y2016.png,148,41,2016,0.06410256773233410,
r148_c41_y2018.png,148,41,2018,0.32894736528396600,
r148_c41_y2020.png,148,41,2020,0.26229506731033300,
r148_c41_y2022.png,148,41,2022,0.31081080436706500,
r149_c42_y2014.png,149,42,2014,0.19170984625816300,
r149_c42_y2016.png,149,42,2016,0.21290323138237,
r149_c42_y2018.png,149,42,2018,0.25139665603637700,
r149_c42_y2020.png,149,42,2020,0.2869565188884740,
r149_c42_y2022.png,149,42,2022,0.22093023359775500,
r149_c44_y2014.png,149,44,2014,0.12727272510528600,
r149_c44_y2016.png,149,44,2016,0.29230770468711900,
r149_c44_y2018.png,149,44,2018,0.05945945903658870,
r149_c44_y2020.png,149,44,2020,0.22680412232875800,
r149_c44_y2022.png,149,44,2022,0.05154639109969140,
r149_c40_y2014.png,149,40,2014,0.03867403417825700,
r149_c40_y2016.png,149,40,2016,0.06422018259763720,
r149_c40_y2018.png,149,40,2018,0.29523810744285600,
r149_c40_y2020.png,149,40,2020,0.24657534062862400,
r149_c40_y2022.png,149,40,2022,0.2631579041481020,
r152_c41_y2014.png,152,41,2014,0.13385826349258400,
r152_c41_y2016.png,152,41,2016,0.10000000149011600,
r152_c41_y2018.png,152,41,2018,0.0,
r152_c41_y2020.png,152,41,2020,0.058252427726984000,
r152_c41_y2022.png,152,41,2022,0.034090910106897400,
r151_c43_y2014.png,151,43,2014,0.06358381360769270,
r151_c43_y2016.png,151,43,2016,0.050632912665605500,
r151_c43_y2018.png,151,43,2018,0.03896103799343110,
r151_c43_y2020.png,151,43,2020,0.05590062215924260,
r151_c43_y2022.png,151,43,2022,-0.019108280539512600,
r150_c43_y2014.png,150,43,2014,0.2269938588142400,
r150_c43_y2016.png,150,43,2016,0.2689655125141140,
r150_c43_y2018.png,150,43,2018,0.040462426841259,
r150_c43_y2020.png,150,43,2020,0.2242424190044400,
r150_c43_y2022.png,150,43,2022,0.022727273404598200,
r150_c44_y2014.png,150,44,2014,-0.02415458858013150,
r150_c44_y2016.png,150,44,2016,0.2800000011920930,
r150_c44_y2018.png,150,44,2018,0.05263157933950420,
r150_c44_y2020.png,150,44,2020,0.1304347813129430,
r150_c44_y2022.png,150,44,2022,0.013888888992369200,
r151_c42_y2014.png,151,42,2014,0.07006369531154630,
r151_c42_y2016.png,151,42,2016,0.22972972691059100,
r151_c42_y2018.png,151,42,2018,0.1034482792019840,
r151_c42_y2020.png,151,42,2020,0.05263157933950420,
r151_c42_y2022.png,151,42,2022,0.040462426841259,
r148_c40_y2014.png,148,40,2014,0.026178009808063500,
r148_c40_y2016.png,148,40,2016,0.0714285746216774,
r148_c40_y2018.png,148,40,2018,0.27272728085517900,
r148_c40_y2020.png,148,40,2020,0.08955223858356480,
r148_c40_y2022.png,148,40,2022,0.2142857164144520,
r151_c41_y2014.png,151,41,2014,0.190476194024086,
r151_c41_y2016.png,151,41,2016,0.2295081913471220,
r151_c41_y2018.png,151,41,2018,0.1034482792019840,
r151_c41_y2020.png,151,41,2020,0.1794871836900710,
r151_c41_y2022.png,151,41,2022,0.09714286029338840,
r150_c42_y2014.png,150,42,2014,0.1949685513973240,
r150_c42_y2016.png,150,42,2016,0.27272728085517900,
r150_c42_y2018.png,150,42,2018,0.21111111342907000,
r150_c42_y2020.png,150,42,2020,0.23376622796058700,
r150_c42_y2022.png,150,42,2022,0.125,
r148_c43_y2014.png,148,43,2014,0.21348313987255100,
r148_c43_y2016.png,148,43,2016,0.3333333432674410,
r148_c43_y2018.png,148,43,2018,0.1764705926179890,
r148_c43_y2020.png,148,43,2020,0.3132530152797700,
r148_c43_y2022.png,148,43,2022,0.2269938588142400,
r149_c43_y2014.png,149,43,2014,0.2183908075094220,
r149_c43_y2016.png,149,43,2016,0.2888889014720920,
r149_c43_y2018.png,149,43,2018,0.12371134012937500,
r149_c43_y2020.png,149,43,2020,0.3253012001514440,
r149_c43_y2022.png,149,43,2022,0.1147540956735610,
r150_c40_y2014.png,150,40,2014,0.2857142984867100,
r150_c40_y2016.png,150,40,2016,0.06172839552164080,
r150_c40_y2018.png,150,40,2018,0.27142858505249000,
r150_c40_y2020.png,150,40,2020,0.32163742184639000,
r150_c40_y2022.png,150,40,2022,0.24183006584644300,
r121_c52_y2014.png,121,52,2014,0.1314285695552830,
r121_c52_y2016.png,121,52,2016,0.2947976887226110,
r121_c52_y2018.png,121,52,2018,-0.01587301678955560,
r121_c52_y2020.png,121,52,2020,0.10769230872392700,
r121_c52_y2022.png,121,52,2022,-0.005347593687474730,
r121_c51_y2014.png,121,51,2014,0.2266666740179060,
r121_c51_y2016.png,121,51,2016,0.24031007289886500,
r121_c51_y2018.png,121,51,2018,0.1231527104973790,
r121_c51_y2020.png,121,51,2020,0.2881355881690980,
r121_c51_y2022.png,121,51,2022,0.16022099554538700,
r120_c52_y2014.png,120,52,2014,0.028901733458042100,
r120_c52_y2016.png,120,52,2016,0.1764705926179890,
r120_c52_y2018.png,120,52,2018,-0.02857142873108390,
r120_c52_y2020.png,120,52,2020,0.05882352963089940,
r120_c52_y2022.png,120,52,2022,0.004830917809158560,
r120_c51_y2014.png,120,51,2014,0.06832297891378400,
r120_c51_y2016.png,120,51,2016,0.043478261679410900,
r120_c51_y2018.png,120,51,2018,-0.004444444552063940,
r120_c51_y2020.png,120,51,2020,0.18592964112758600,
r120_c51_y2022.png,120,51,2022,0.09090909361839290,
r122_c51_y2014.png,122,51,2014,0.10000000149011600,
r122_c51_y2016.png,122,51,2016,0.06756756454706190,
r122_c51_y2018.png,122,51,2018,0.09497206658124920,
r122_c51_y2020.png,122,51,2020,0.06976744532585140,
r122_c51_y2022.png,122,51,2022,0.027624309062957800,
r198_c145_y2014.png,198,145,2014,0.05714285746216770,
r198_c145_y2016.png,198,145,2016,0.08920187503099440,
r198_c145_y2018.png,198,145,2018,0.21142856776714300,
r198_c145_y2020.png,198,145,2020,0.1818181872367860,
r198_c145_y2022.png,198,145,2022,0.1411042958498000,